met:EC,Acetate,Fructose,Galactose,Gluconate,Glucose,Glycerol,Pyruvate,Succinate
icit:2.1.1.144,0.00876214613185,0.00136594343575,0.0034217382435,0.00161642546453,0.00174625557266,0.00174625557266,0.0496945261996,0.00310743584786
dhap:4.1.2.17,0.0271958341929,0.0697626959536,0.0180079744215,0.0421455938697,0.0525956627241,0.0689979729005,0.0198221702965,0.0239289091915
akg:2.6.1.82,0.0295972828724,0.0553420407595,0.0102104605126,0.0506313301654,0.0715856340093,0.0477001959733,0.0430284623482,0.101688825009
ade:3.5.4.2,0.0404828594795,0.0339225431814,0.0339225431814,0.0919476381123,0.0780469506782,0.0407334004792,0.0632365766981,0.04892848025
pyr:4.1.99.1,0.0901422107725,0.023967182988,0.0937866126391,0.0218682316775,0.044132406779,0.0622605415311,,0.105469034533
e4p:1.2.1.72,0.0755699892151,0.0471187928952,0.074102085115,0.0562438626883,0.0805503994464,0.0645709643372,0.0650709169044,0.0725065859241
nadph:3.1.3.7,0.072864977801,0.0863466735298,0.0607637357792,0.100202771206,0.109531772575,0.0732683605987,0.0587715422006,0.079038395019
nadph:1.6.5.3,0.0836136195151,0.0988719762454,0.0698617807725,0.114486158441,0.124960283248,0.0840711113287,0.0675927660927,0.0906087059181
cit:2.1.1.144,0.134758331692,0.058681765412,0.0674139261802,0.0582205187746,0.0829401511682,0.0448082712627,0.384530588381,0.0561517626703
g6p:2.6.1.16,0.0529294077257,0.0788397987265,0.313478561223,0.0717857681553,0.120062035626,0.0369973577615,0.0745614288772,0.161693588528
gal1p:2.7.7.12,0.0836991575628,0.0927961688679,0.235854346085,0.0915076704981,0.0902155068232,0.104051014432,0.105482943773,0.153350203157
nadp:3.1.4.16,0.149177538287,0.115044247788,0.10071942446,0.0925589836661,0.147727272727,0.119201409278,0.109263657957,0.145785876993
f1p:3.1.3.11,0.0471653168175,0.495204442201,0.0459835909178,0.141630901288,0.229702665229,0.0677729094807,0.0450725744843,0.0494296577947
glyc3p:3.1.3.21,0.153926945968,0.144467061982,0.16618746406,0.0711975146527,0.0784874483635,0.482724791752,0.137546468401,0.20608848007
gtp:2.7.1.107,0.16363042078,0.272088353414,0.142696662429,0.198961412038,0.265630671315,0.189083384598,0.179090394414,0.269061121613
akg:1.4.1.4,0.140063262849,0.238299328028,0.0522121417488,0.221669677351,0.291663242664,0.211037919189,0.193621522355,0.376757218069
amp:3.2.2.4,0.19309287501,0.268631609742,0.158650475362,0.182628123042,0.269913119661,0.187608318891,0.204644873936,0.265857478465
e4p:2.5.1.54,0.25783415622,0.173652907619,0.25379786817,0.202085766001,0.271301323602,0.226815902778,0.228265523085,0.24937538594
gmp:3.1.3.5,0.161899546476,0.152848814981,0.262296713201,0.206997816599,0.438497020521,0.228825700966,0.0995935116674,0.33684398842
e4p:2.2.1.2,0.26239014631,0.177076304406,0.258307359447,0.205930002728,0.276006782905,0.23099438562,0.232462682192,0.253833028264
g6p:2.4.1.15,0.145114589393,0.206321107519,0.581044909898,0.190216271239,0.292997104415,0.104495910161,0.19660124694,0.369419082265
f6p:3.5.99.6,0.21702284451,0.250077197936,0.144352728005,0.253436388389,0.312492417196,0.220147713198,0.280484191814,0.434633675879
akg:2.6.1.11,0.188179899334,0.308073399574,0.0727002967359,0.288418296189,0.36948297604,0.275719210824,0.254688012402,0.46245807173
nadh:1.8.1.7,0.117715890475,0.735753837527,0.434613077385,0.13769441903,0.14337650534,0.301851851852,0.348652384243,0.181146828844
nadph:1.1.1.58,0.295029961227,0.334774654914,0.256229081443,0.372253609542,0.395770392749,0.296270232231,0.249530956848,0.313658201784
cit:4.2.1.3,0.437994614815,0.237772409291,0.265633860185,0.236256791698,0.311560808996,0.190109576171,0.757653766782,0.229402812623
pyr:4.1.3.3,0.455205413814,0.17156574075,0.466049084885,0.158641662443,0.280257373026,0.358954555284,,0.498589405134
f6p:2.2.1.2,0.290046144935,0.329541468405,0.19914328337,0.333493389353,0.401179794853,0.293827884637,0.364909025671,0.53120205773
nadh:1.5.1.3,0.146583945594,0.78187143754,0.497384284296,0.170515017122,0.177273043255,0.357575266642,0.407966808602,0.221662258656
icit:4.1.3.1,0.547083568028,0.157475153429,0.319347638927,0.18115930797,0.192923287408,0.192923287408,0.8772367162,0.29871225712
gtp:2.7.1.11,0.283584078906,0.43061440678,0.251926723613,0.33445804764,0.422578522607,0.32054482824,0.306227815424,0.426857714095
f6p:2.2.1.1,0.299898167006,0.340092387066,0.206807037785,0.344105897084,0.412612805041,0.303753402114,0.375957338174,0.542980597449
e4p:2.2.1.1,0.388586956522,0.277688603531,0.383561643836,0.316628701595,0.405155320555,0.349240780911,0.351117519827,0.37802349689
gmp:3.1.3.6,0.274755927476,0.261363636364,0.410831633809,0.338590689392,0.604983287754,0.367858011184,0.178255372946,0.499036608863
atp:6.1.1.9,0.354519735216,0.442328456674,0.303115223226,0.330536781306,0.457681878498,0.336500250577,0.380600948867,0.451017952881
akg:2.2.1.9,0.278672757874,0.425969155409,0.115566037736,0.403175108423,0.494097807757,0.38817963046,0.362867943762,0.589131149337
nadph:1.5.1.34,0.36598163533,0.40972928964,0.32211313698,0.449924127466,0.474637681159,0.367364746946,0.314420803783,0.386632825719
f1p:2.7.1.56,0.215425732553,0.84475928116,0.210961633186,0.477876402384,0.623226714432,0.287377263484,0.207492990593,0.223870093845
nadh:1.5.1.2,0.179450588655,0.820270375869,0.557522123894,0.20744314266,0.215284885705,0.41475826972,0.467345993516,0.266113592853
nadh:1.1.1.86,0.195491643995,0.835282883743,0.583333333333,0.225299401198,0.233617178823,0.440540540541,0.493639921722,0.287190082645
nadph:1.4.1.4,0.406665913482,0.451811177023,0.360695114462,0.492688491714,0.517540978192,0.408103810761,0.352560604381,0.42806283801
akg:2.6.1.19,0.351318581388,0.509871283954,0.154818325434,0.486391782269,0.577909270217,0.470742444477,0.443953645481,0.667784401391
akg:2.6.1.42,0.362100648498,0.521606591875,0.161067149764,0.498135918823,0.5893276344,0.482463668087,0.455582015416,0.678125613325
f6p:2.6.1.16,0.436284401606,0.482168752814,0.320221718587,0.486622541144,0.55930765932,0.440789033799,0.521183369178,0.682194452673
nadph:1.14.12.17,0.481865284974,0.527930763179,0.433606041536,0.568552253116,0.592760180995,0.483352468427,0.424920127796,0.503858875413
akg:2.6.1.29,0.397053785543,0.558476744769,0.182156133829,0.535203084561,0.62473347548,0.519571982312,0.492590670588,0.709647617791
icit:1.1.1.42,0.734890388796,0.300177785032,0.518469754536,0.336746087353,0.354242570282,0.354242570282,0.942524489394,0.494311879598
mal__l:1.1.1.40,0.531207038768,0.536180631121,0.317781690141,0.452586968038,0.531998407971,0.383051092778,0.409268081421,0.879507429197
pyr:2.2.1.6,0.638633479804,0.304603140922,0.64864422394,0.285106318131,0.451629920372,0.542197747563,,0.67775104215
adp:2.7.1.107,0.471039407564,0.57995547528,0.440402909905,0.458933015907,0.581694971974,0.458170784569,0.496880660093,0.573597134573
f6p:1.1.1.140,0.453425712086,0.499515375804,0.335517080019,0.5039734521,0.576340717536,0.45796354614,0.538474039165,0.69705050936
s7p:2.2.1.1,0.382944588424,0.304323628648,0.399309205586,0.764303812386,0.674041478222,0.431584033195,0.630252722264,0.691786099553
pep:4.1.1.31,0.484225909052,0.616809298761,0.403222597971,0.536572178883,0.575161084755,0.54483386436,0.398194583751,0.760143913652
nadh:1.1.1.271,0.315756434401,0.905929058428,0.72668004012,0.355791962175,0.366647298083,0.599264705882,0.649292149292,0.433471933472
mal__l:1.1.1.37,0.597772277228,0.602568022012,0.379237895139,0.520233240455,0.598536201226,0.448825574493,0.476070528967,0.905421873011
glyc3p:2.3.1.15,0.57425315357,0.555934882934,0.596393639104,0.362371665795,0.387051143376,0.873716289746,0.541785699922,0.65806579612
adp:3.1.3.5,0.544441598205,0.649490306461,0.513667070033,0.532347285214,0.651115072195,0.531582916595,0.569970651083,0.643537586598
nadh:1.5.1.34,0.355980184006,0.9202244236,0.761029411765,0.398148148148,0.409474367294,0.641732283465,0.689207650273,0.478211009174
gdp:3.6.1.19,0.519824392921,0.661770390414,0.491722335173,0.567954573509,0.68671679198,0.553172475424,0.548852797113,0.66924966925
ru5p__d:5.3.1.13,0.470235228663,0.596373395722,0.563537747737,0.820117325496,0.807547797588,0.450816460231,0.417786127678,0.589956247473
pyr:2.6.1.29,0.719774574213,0.388988209735,0.72849313691,0.36694021102,0.54483386436,0.632533072024,,0.753498945523
glyc3p:2.7.8.5,0.622463426144,0.604791898234,0.643652561247,0.409920708095,0.435626102293,0.89426031788,0.591054313099,0.701715137957
nadh:1.1.1.58,0.41326291565,0.936300620475,0.802293853282,0.457397161158,0.469095162162,0.695350116981,0.738614382948,0.538709980057
pyr:2.3.1.54,0.764702553733,0.44614116586,0.7724651681,0.423096883323,0.602312818741,0.685333445604,,0.794563209539
nadh:1.1.1.6,0.434664911387,0.941332548606,0.815829395991,0.479217994422,0.490969101112,0.713593615399,0.755179247356,0.560403553223
pep:4.1.1.49,0.610080632489,0.728454527462,0.529643458219,0.658657863403,0.692899210131,0.666097473071,0.524424320081,0.840805969909
nadh:1.1.1.37,0.451931716083,0.945079679481,0.826111744584,0.496699669967,0.508460918614,0.727678571429,0.767884322679,0.57756232687
nadph:1.1.1.3,0.65034965035,0.691040164779,0.604916593503,0.724938875306,0.744318181818,0.651702786378,0.596412556054,0.67008797654
gtp:3.6.1.19,0.629917471596,0.764816556914,0.59151995425,0.683634407922,0.758856012925,0.669814435713,0.654934437543,0.762046400952
glyc3p:1.1.1.94,0.715292841649,0.699871373446,0.733502538071,0.514226231783,0.540481400438,0.927990947433,0.687732342007,0.781886165351
nadh:1.2.1.10,0.50149551346,0.954533054469,0.852854620365,0.546279491833,0.557913351017,0.765258215962,0.801429706116,0.625187406297
pyr:1.1.1.86,0.818291229602,0.527447911872,0.824691217485,0.504025764895,0.677277394748,0.751115133493,,0.842749634955
atp:2.7.1.6,0.685700754007,0.759073911699,0.633397333267,0.66230165734,0.770236656432,0.668275743745,0.709370377492,0.765445095864
amp:3.1.3.6,0.691685133443,0.774949011886,0.638703850062,0.676865596284,0.776082849346,0.684044233807,0.70693286931,0.772468714448
nadph:1.6.1.1,0.710224862113,0.746661721068,0.668607472101,0.77643207856,0.793218286406,0.711449091677,0.660705414804,0.727996814018
dhap:4.1.2.19,0.682502260102,0.852214181794,0.585075815102,0.771860839849,0.810201779296,0.850716251552,0.608611898785,0.653388200505
fum:4.2.1.2,0.753567825309,0.77985527355,0.547005819485,0.714899219234,0.735177702919,0.619007266114,0.748227029643,0.957872993698
nadph:1.2.1.21,0.718526720877,0.75428084771,0.677560336004,0.783415576143,0.799812631713,0.719729717812,0.669766318797,0.735978793141
xu5p__d:2.2.1.1,0.640933572711,0.752513534416,0.729775375781,0.894473024667,0.895260539408,0.636446262213,0.595244118391,0.756653992395
nadh:1.6.5.3,0.5582342959,0.963464586534,0.879232807249,0.601966679931,0.61318373085,0.803725597716,0.835245764678,0.676917638997
6pgc:1.1.1.44,0.72972972973,0.538002980626,0.918918918919,0.958237909201,0.873227917121,0.40914866582,0.854094759962,0.713316892725
f6p:5.3.1.9,0.733197741342,0.767778200847,0.625839741975,0.770942474656,0.818395712203,0.736761307406,0.794447825571,0.884017569903
succ:4.1.3.1,0.784993258263,0.778636551233,0.801533907427,0.752256980894,0.822085519571,0.705588822355,0.7588687265,
gtp:2.7.4.25,0.726740958968,0.83556012333,0.693501269096,0.771502017209,0.830996329452,0.760173873941,0.747832939322,0.833441769681
atp:2.7.2.4,0.763323488763,0.823246682685,0.718637094454,0.743541928962,0.832093821702,0.748624309383,0.782997387583,0.828304696155
akg:2.6.1.1,0.72863046699,0.837592588734,0.475927179567,0.824405790059,0.871594388989,0.815141253338,0.798315932608,0.908803692209
dhap:4.2.3.3,0.752923440001,0.891004608046,0.666548567926,0.827472416159,0.858184473656,0.889849031898,0.687928224575,0.727690430506
f6p:5.3.1.8,0.758531873793,0.790765797182,0.656593406593,0.793701003988,0.837433618728,0.76186696301,0.815430047988,0.897041663807
atp:6.3.2.4,0.786676418602,0.841911515617,0.7449258463,0.768254125904,0.849994642666,0.772996286868,0.804905239688,0.846534979063
atp:2.7.1.2,0.790152216659,0.84466504468,0.748864744408,0.771943070999,0.85263202637,0.776631693354,0.808156456708,0.84922240034
nadph:1.5.1.41,0.795627376426,0.823986901351,0.762168141593,0.846538187009,0.859016393443,0.796594134342,0.755681818182,0.8095659876
nadh:1.5.1.20,0.660253010516,0.975935917028,0.918009764893,0.699325747951,0.709124879793,0.86296846205,0.886320339973,0.763156791887
atp:6.1.1.19,0.797976432734,0.850840424822,0.757756421758,0.780257406707,0.858543719904,0.784822742193,0.815466156026,0.855247650728
nadh:1.1.1.140,0.667994687915,0.97673769424,0.920584498094,0.706572769953,0.716231555051,0.867021276596,0.889770723104,0.769372693727
nadh:1.5.1.41,0.667994687915,0.97673769424,0.920584498094,0.706572769953,0.716231555051,0.867021276596,0.889770723104,0.769372693727
s7p:5.3.1.28,0.733916745506,0.660351724658,0.747119977522,0.935116429962,0.901869923131,0.771405349115,0.883392500842,0.908888438955
nadph:1.2.1.70,0.811046511628,0.837702871411,0.779411764706,0.858797972484,0.870431893688,0.811957569913,0.773255813953,0.824165915239
atp:6.1.1.10,0.809844976269,0.860147594165,0.771310659709,0.792896746237,0.86744510796,0.797267717729,0.826530570832,0.864323672477
atp:2.7.7.58,0.821735531928,0.869399939364,0.784971009484,0.805592681953,0.876284104717,0.809759991847,0.837587006961,0.873340420238
g6p:5.3.1.9,0.761539771759,0.830241299867,0.96308941589,0.815473836826,0.886322114409,0.687045937186,0.821553756931,0.916817682184
atp:2.7.1.107,0.827843625588,0.874125023243,0.79201998083,0.812127438065,0.880794271215,0.816186631123,0.843255564727,0.877942953453
adp:3.1.4.16,0.824155483572,0.879034825237,0.805527123849,0.816990945868,0.879792483867,0.816531479336,0.838654891304,0.876237623762
nadh:1.3.1.9,0.715504978663,0.981303169113,0.935442220788,0.750623441397,0.759326113117,0.890710382514,0.909828674482,0.806576402321
atp:2.7.9.3,0.832437056359,0.877666067658,0.797335249737,0.817047531412,0.884172560398,0.821023847665,0.847513523292,0.881391167476
gmp:1.7.1.7,0.810844735784,0.80015132889,0.887514943367,0.852777369686,0.945442931694,0.868151932276,0.710522083613,0.918510556972
nadph:1.5.1.2,0.848024316109,0.870298313878,0.821215733015,0.887724550898,0.897260273973,0.848790322581,0.815950920245,0.859022556391
amp:2.7.6.1,0.844687610307,0.89302212497,0.810806937079,0.835473015082,0.893642736282,0.839961202716,0.853966146698,0.89166119501
gtp:3.5.4.25,0.837944256841,0.908080398264,0.814784066856,0.867803198698,0.905301190598,0.860385360058,0.852198475202,0.906792054083
nadh:1.7.1.4,0.758672699849,0.984986393919,0.94767822106,0.790026246719,0.797724399494,0.91061452514,0.926538108356,0.839034205231
atp:2.7.1.23,0.871934414292,0.907684506611,0.843551653002,0.859560452335,0.912753140368,0.862767979276,0.883952528986,0.910588657091
atp:6.1.1.21,0.872135854711,0.907835657904,0.843789739768,0.85977822627,0.912896789008,0.862981572276,0.884137577484,0.910735520948
g6p:1.1.1.49,0.828048434014,0.880592956703,0.975213731776,0.869517236911,0.921610341837,0.768002017381,0.874091424158,0.943245560872
atp:2.7.2.11,0.875109242499,0.910064480976,0.847306889003,0.862993838371,0.915014675731,0.866135161713,0.886868077167,0.91290094439
akg:1.1.1.290,0.861710037175,0.92289196584,0.678200692042,0.915936002893,0.940308087291,0.910979228487,0.901826243006,0.958552455656
succ:6.2.1.5,0.89601098124,0.892486990926,0.905044059556,0.877541023757,0.916000268799,0.849759615385,0.881336624264,
atp:2.7.2.8,0.883122112786,0.916049801097,0.856811664586,0.871670032646,0.920699260979,0.874641322007,0.894217707359,0.918714355038
cit:4.1.3.6,0.945650327796,0.874440869497,0.88981475105,0.873517786561,0.909940335472,0.839759639459,0.985875207458,0.869216936407
pep:2.5.1.19,0.884058359584,0.928944025241,0.845860706745,0.90388040555,0.916635970367,0.90673216845,0.843110996723,0.962601974346
nadph:1.8.1.7,0.893276414088,0.909624943516,0.873257287706,0.922239502333,0.929078014184,0.893842887473,0.869281045752,0.901380670611
atp:2.7.7.27,0.891446041589,0.922235152033,0.866726618935,0.880699387515,0.926569505357,0.883489559459,0.901839252976,0.924719518372
atp:6.1.1.24,0.892785501833,0.923227420194,0.868326041711,0.882153922184,0.927510814919,0.884914521189,0.90306441526,0.925682640903
atp:6.3.2.13,0.892785501833,0.923227420194,0.868326041711,0.882153922184,0.927510814919,0.884914521189,0.90306441526,0.925682640903
nadph:1.8.1.2,0.896578599704,0.912470847762,0.877093668219,0.924721049182,0.931357568997,0.897129564049,0.873220309839,0.904458918528
atp:2.7.1.73,0.895612368534,0.925318782338,0.871705143155,0.885225068923,0.929494404084,0.887922865212,0.905648905111,0.927712357207
atp:6.1.1.15,0.895883945304,0.925519501477,0.872030030286,0.885520215222,0.929684753311,0.888211950143,0.905897114178,0.927907144402
atp:6.1.1.18,0.89844233993,0.927408681537,0.875092852759,0.888301521597,0.931476104945,0.890935914792,0.908234662706,0.929740359956
adp:3.6.3.14,0.89904088844,0.932464374958,0.88726042841,0.894537017507,0.932912920971,0.894247038917,0.908054431776,0.930805424855
dhap:1.1.1.94,0.899952919021,0.960207855437,0.855084818004,0.934026699783,0.946985998067,0.959752835058,0.866792038865,0.887491727333
mal__l:4.2.1.2,0.93404081536,0.935261451701,0.853398464067,0.911756241843,0.934236348227,0.885833949508,0.896460538541,0.989156291392
adp:2.7.4.3,0.908210096889,0.938804650847,0.897377423033,0.904071626519,0.93921383223,0.903805044891,0.916481069042,0.9372909699
atp:6.1.1.1,0.911704457159,0.937152769049,0.891034302402,0.902744548832,0.940709118938,0.905074706206,0.920331421287,0.939191983071
atp:3.6.3.54,0.911704457159,0.937152769049,0.891034302402,0.902744548832,0.940709118938,0.905074706206,0.920331421287,0.939191983071
akg:1.1.1.95,0.905051950082,0.948211083398,0.763255519113,0.943399092704,0.960155363526,0.939955503554,0.933564543449,0.972510905544
amp:3.1.3.5,0.914233627668,0.94240069822,0.893613319653,0.90869917208,0.942753212757,0.911401631345,0.919752121458,0.94162688168
nadph:1.7.1.7,0.919275123558,0.931944444444,0.903606557377,0.941643509329,0.946873870618,0.919716002185,0.900473933649,0.925569620253
pep:2.5.1.54,0.919619510661,0.951493403725,0.891702493566,0.933816964707,0.942850975481,0.935843585108,0.889663888031,0.974760326346
f6p:2.7.1.11,0.920381460593,0.932920501643,0.875560404123,0.934027886923,0.949891136913,0.921711847244,0.942055635098,0.96975380415
s7p:2.2.1.2,0.89701524897,0.859937094555,0.903192934783,0.97850030175,0.966691988547,0.914210890702,0.959877238428,0.969232430098
atp:2.7.1.39,0.9270601939,0.948333525691,0.909628515908,0.919520978406,0.951290072585,0.921484146233,0.934294944508,0.950029300232
atp:6.3.4.21,0.928093765729,0.949082206777,0.910885354008,0.920652238599,0.951998079923,0.922590134113,0.935233160622,0.950754684461
gtp:3.1.5.1,0.919010852546,0.955908289242,0.906138539516,0.935090224588,0.954502714671,0.931148443955,0.9267578125,0.955257270694
atp:3.1.3.5,0.931916376619,0.951846940405,0.915539529878,0.924838411301,0.954612059135,0.926682210618,0.938701301477,0.953433061639
atp:3.6.3.31,0.935338268283,0.954316224655,0.919713612109,0.928588782684,0.95694596205,0.930347509998,0.941803477489,0.955824784555
atp:4.6.1.1,0.936754637059,0.955336744913,0.921443483368,0.9301419521,0.957910328085,0.931865234402,0.943086847491,0.956813130452
nadph:1.1.1.94,0.943630214205,0.952673923332,0.932341001353,0.959546925566,0.963235294118,0.943946188341,0.93006993007,0.948132780083
nadph:1.1.1.100,0.943630214205,0.952673923332,0.932341001353,0.959546925566,0.963235294118,0.943946188341,0.93006993007,0.948132780083
akg:1.4.1.13,0.939231303763,0.967413424201,0.839422300509,0.964318487872,0.975045545638,0.96209649569,0.957956748542,0.982866142623
atp:6.2.1.20,0.945083107564,0.961319270739,0.931641070045,0.939284774645,0.963561277785,0.940796874075,0.950625411455,0.96260563907
atp:2.7.1.56,0.946264562595,0.962165412364,0.933091237094,0.940583129668,0.964360193714,0.942064888288,0.951693726543,0.963424711982
nadph:1.1.1.271,0.948979591837,0.957203994294,0.938692098093,0.963444354184,0.966789667897,0.949267192785,0.93661971831,0.953076120959
adp:4.1.1.49,0.946836788942,0.965052072412,0.940262843489,0.944333110666,0.965292239345,0.944171505136,0.951811873554,0.964162844037
atp:2.7.4.16,0.950301870122,0.965052162883,0.938053503419,0.945022500051,0.967085212727,0.946399857066,0.955342375124,0.966218752346
atp:6.3.1.1,0.950301870122,0.965052162883,0.938053503419,0.945022500051,0.967085212727,0.946399857066,0.955342375124,0.966218752346
amp:2.7.4.3,0.949728800106,0.966663742434,0.937054828557,0.94635041649,0.966872984047,0.948002189381,0.953080627238,0.966204197794
atp:6.1.1.3,0.950826918119,0.965427047185,0.938699605106,0.945600130397,0.96743902439,0.946963828139,0.955816647361,0.966581556023
atp:6.1.1.16,0.950890158716,0.965472192681,0.938777438165,0.94566970897,0.967481631132,0.947031760217,0.95587376857,0.966625246073
atp:6.1.1.4,0.951428059519,0.965856111267,0.939439560213,0.946261557993,0.967843950708,0.94760959369,0.956359588986,0.966996781993
atp:6.3.2.1,0.953533108256,0.967357319123,0.942032520349,0.948578415014,0.969260540612,0.949871410915,0.95826028755,0.96844947612
atp:2.7.7.3,0.959129077803,0.971338492405,0.948939330641,0.954742753698,0.973016067705,0.955887955407,0.963308872582,0.972301261552
atp:2.7.4.9,0.959291426846,0.971453786192,0.94914000945,0.954921707373,0.973124799989,0.956062589182,0.963455251096,0.972412792497
pyr:1.1.1.290,0.981877645793,0.930694677568,0.982638182435,0.924394565859,0.961903628084,0.973197085183,,0.984727906172
nadh:1.14.12.17,0.927715923976,0.996280265537,0.986656698617,0.93887658312,0.941521466264,0.976520472338,0.980948866702,0.95511658003
nadph:1.3.1.98,0.960819616011,0.967201391535,0.952800744233,0.972026569306,0.974607199276,0.961043214837,0.951180473179,0.964001548412
atp:2.7.1.33,0.959828302171,0.971834970531,0.949803758895,0.955513539199,0.973484279928,0.956640122527,0.963939277074,0.972781529795
nadph:1.1.1.169,0.9610240374,0.967373647023,0.953044959008,0.972174212429,0.974741575827,0.961246516665,0.951432644103,0.964189986997
atp:6.3.5.2,0.960672659841,0.972434211191,0.950848029714,0.956444472256,0.974049366814,0.957548527858,0.964700405119,0.973361183439
atp:6.3.1.5,0.962706049079,0.97387601557,0.953364734412,0.958687075251,0.975408828231,0.959736677873,0.966532797858,0.974755761997
atp:6.3.1.2,0.962706049079,0.97387601557,0.953364734412,0.958687075251,0.975408828231,0.959736677873,0.966532797858,0.974755761997
atp:6.1.1.2,0.962706049079,0.97387601557,0.953364734412,0.958687075251,0.975408828231,0.959736677873,0.966532797858,0.974755761997
nadph:1.4.1.13,0.964342069022,0.970167914627,0.957011866791,0.974568146775,0.976919876149,0.964546307298,0.955529409328,0.967247686029
atp:6.3.2.17,0.963684127736,0.974568886978,0.954576240934,0.959766151299,0.976062045007,0.960789460033,0.967413912497,0.975425889166
atp:2.7.4.7,0.963964300385,0.974767283757,0.954923393124,0.960075298401,0.976249077037,0.961091063041,0.967666275758,0.975617767447
atp:3.1.4.16,0.966309800105,0.976426831504,0.957831607553,0.962664122296,0.977813385924,0.963616518101,0.969778374748,0.977222686205
atp:6.3.2.8,0.969434065141,0.97863363724,0.961710945444,0.966114614269,0.979893062098,0.96698201084,0.972590105089,0.979356563033
atp:3.6.3.16,0.9697298772,0.978842360461,0.962078576847,0.966441439361,0.980089732584,0.967300753037,0.972856228726,0.979558371666
atp:2.7.1.71,0.96994063275,0.978991044933,0.962340535706,0.966674303805,0.980229828247,0.967527855012,0.973045822102,0.979702128739
nadph:1.1.1.267,0.970941528873,0.975716296523,0.964918624839,0.979315590781,0.981236767539,0.97110909981,0.963698491245,0.973324258901
nadph:1.1.1.193,0.970997679814,0.975763451285,0.964985994398,0.979355904211,0.98127340824,0.971164936563,0.963768115942,0.973375931842
atp:6.3.5.4,0.970653183891,0.979493593657,0.96322641519,0.967461685162,0.980703328498,0.968295731052,0.973686762253,0.980188012073
atp:2.7.1.16,0.971063392712,0.979782805314,0.963736556771,0.967915030039,0.980975810062,0.968737830961,0.9740557012,0.980467625315
atp:3.6.3.19,0.972059390361,0.980484712394,0.964975648034,0.9690159366,0.981637074289,0.969811385936,0.974951360398,0.981146214106
atp:2.7.1.49,0.973030023182,0.981168326995,0.9661838032,0.9700890431,0.982281051498,0.970857771261,0.975824027301,0.981807086464
atp:6.1.1.22,0.97315706289,0.98125777033,0.966341975919,0.970229512188,0.982365304801,0.970994738157,0.97593823155,0.98189355192
pyr:2.7.9.2,0.988173437255,0.953937510406,0.988672807915,0.94963592233,0.974961537301,0.982454656915,,0.990043544498
akg:1.14.11.17,0.973351662094,0.985946868142,0.925115221822,0.984584111075,0.98928633219,0.983602659425,0.981767260331,0.992677457115
atp:3.6.3.14,0.978025152578,0.984679887189,0.972410973734,0.975615223027,0.985588168599,0.976245403094,0.980312147573,0.985201333067
nadph:1.7.1.13,0.979469630301,0.982867821494,0.975169127773,0.98542296345,0.986784539704,0.979589056224,0.974296010669,0.981166639016
gtp:3.6.5.6,0.975918811995,0.987249544627,0.971813972217,0.98093422307,0.986829314184,0.979716024341,0.978350515464,0.987055016181
nadph:1.1.1.86,0.980759200114,0.983947439673,0.976722404456,0.986343801508,0.987620446902,0.980871271064,0.975902554894,0.982351535626
atp:6.3.5.5,0.980429040725,0.986365944192,0.975413573098,0.978276884391,0.987175566462,0.97883977058,0.982470339255,0.986830769788
nadph:1.5.1.3,0.98139729703,0.984481475661,0.977491304146,0.986799184984,0.98803377547,0.981505721374,0.976697889563,0.982937743435
atp:6.3.2.9,0.980933585159,0.986719506926,0.976044258285,0.978835714275,0.987508399701,0.979384425294,0.98292317509,0.987172435275
atp:6.1.1.7,0.983091331332,0.98823031683,0.978743339122,0.981226332692,0.988930470728,0.981714221744,0.984859234757,0.988632312946
atp:2.7.4.3,0.983798609707,0.988725100198,0.9796287224,0.982010195169,0.989396136294,0.982478077012,0.985493654105,0.9891103831
atp:2.5.1.6,0.985146931504,0.9896677326,0.981317482912,0.983504857961,0.9902832184,0.983934502328,0.986702816574,0.990021129215
atp:2.1.2.2,0.98522957139,0.989725481867,0.981421027364,0.983596481933,0.99033756117,0.984023778562,0.98677691598,0.990076923077
atp:2.7.1.12,0.985794391092,0.990120102453,0.98212884366,0.984222750763,0.990708893888,0.98463398852,0.98728332911,0.990458175748
atp:6.2.1.26,0.985963371083,0.990238136347,0.982340645347,0.984410130234,0.990819958783,0.984816559246,0.987434823489,0.990572209182
atp:6.3.3.1,0.986057527025,0.990303899692,0.982458669742,0.984514541482,0.990881838621,0.984918290189,0.987519234057,0.99063574324
atp:1.17.4.1,0.986622840544,0.990698663265,0.98316741211,0.98514147439,0.99125328002,0.985529117483,0.988026000684,0.991017118805
gtp:6.3.4.4,0.985037671213,0.992112456068,0.982459279386,0.988176897554,0.991851174919,0.987415529188,0.986561237905,0.991991517225
atp:3.6.3.33,0.987777581189,0.991504600989,0.984615780594,0.986422329471,0.992011549078,0.986777004946,0.98906096094,0.991795691658
atp:4.1.1.49,0.988511909321,0.992016817904,0.985537289688,0.987237029631,0.992493431753,0.987570691691,0.989718985607,0.992290494179
atp:6.3.4.2,0.989648826867,0.992809395723,0.986964708154,0.988498647526,0.993239013397,0.988799701325,0.990737564322,0.993056091351
atp:6.1.1.6,0.989891932807,0.99297879969,0.987270041987,0.988768459817,0.993398363272,0.989062529286,0.990955334044,0.99321972309
atp:2.7.1.11,0.990256243128,0.993232615168,0.987727677756,0.98917281895,0.99363710877,0.989456414191,0.991281655303,0.993464886537
pep:2.5.1.7,0.990155351534,0.994234483149,0.986373191868,0.992002539383,0.993152436251,0.992262196971,0.986088877387,0.997063276786
pep:2.5.1.55,0.990222955138,0.994274237172,0.986466412725,0.992057560022,0.993199600103,0.992315445065,0.986184015994,0.997083583106
atp:6.3.4.18,0.990788362631,0.993603241025,0.988396267466,0.989763494061,0.993985716076,0.990031773721,0.991758241758,0.993822870821
atp:2.7.4.25,0.99269343178,0.994929141424,0.990791450589,0.991878780107,0.995232718605,0.992092065012,0.993464052288,0.995103471381
atp:6.2.1.5,0.993866957533,0.995745123493,0.992268078837,0.993182250432,0.996000046657,0.99336153184,0.994514490746,0.995891516819
nadph:1.8.1.9,0.994181036437,0.995156234498,0.992939924066,0.995886318176,0.996274254097,0.994215390968,0.992686987687,0.994668641935
pyr:2.2.1.7,0.997512180815,0.990037817231,0.997618178177,0.989068858432,0.994676743635,0.99629224236,,0.997908699171
atp:2.7.7.18,0.994384627597,0.996104885011,0.992919743604,0.99375735137,0.996338332982,0.993921602322,0.994977780838,0.996238947131
atp:6.1.1.14,0.994481043383,0.996171877735,0.993041135389,0.993864471017,0.996401325101,0.994025920476,0.995064062753,0.996303642655
atp:2.7.9.2,0.994605841103,0.996258585211,0.993198270417,0.994003126941,0.996482853913,0.994160949263,0.995175740868,0.996387376461
atp:6.1.1.5,0.994965592244,0.996508497289,0.993651297063,0.994402848522,0.996717835059,0.994550208873,0.995497655896,0.996628714892
atp:3.6.3.27,0.995392060462,0.99680468468,0.994188449848,0.994876741693,0.996996317661,0.995011688095,0.995879239297,0.996914735687
atp:2.7.6.1,0.995564811601,0.996924640317,0.994406070629,0.995068716365,0.99710910005,0.995198630566,0.996033798931,0.997030572196
atp:2.7.1.148,0.996141082041,0.997324701035,0.995132161807,0.995709167364,0.997485225701,0.995822279782,0.996549344375,0.997416888384
atp:2.7.6.3,0.996979967543,0.99790682171,0.996189536278,0.996641629724,0.998032486578,0.996730241836,0.997299718806,0.99797899058
atp:3.6.3.5,0.997302515742,0.998130564822,0.996596216603,0.997000204654,0.998242820828,0.99707938333,0.997588199259,0.998195033401
atp:2.7.1.59,0.997830514499,0.998496727652,0.997262085031,0.997587233861,0.998587027407,0.997650954588,0.9980603878,0.998548587251
atp:2.7.1.25,0.998066811011,0.998660558815,0.997560142488,0.997849970975,0.998741029838,0.997906767421,0.998271690287,0.998706773918
atp:6.1.1.20,0.998259793495,0.998794341443,0.997803592347,0.998064557751,0.998866784185,0.99811569625,0.998444252377,0.998835945988
atp:2.7.1.30,0.998491471009,0.998954927917,0.998095889073,0.998322183742,0.999017731211,0.998366526355,0.99865140565,0.998990996585
atp:2.7.7.63,0.998939869353,0.999265668664,0.998661713429,0.998820841967,0.999309810988,0.998852020813,0.999052309804,0.99929102032
atp:6.3.3.3,0.999032470297,0.999329830581,0.9987785812,0.998923828587,0.999370118418,0.998952287157,0.999135097734,0.99935296858
atp:6.3.2.2,0.999451599385,0.999620193635,0.999307617567,0.999389991991,0.999643032271,0.999406130538,0.999509790938,0.999633310355
atp:6.1.1.11,0.999986829026,0.999990879667,0.999983368667,0.999985348516,0.999991428285,0.999985736364,0.999988227285,0.999991194753
