met:EC,Glucose,Fructose,Galactose,Gluconate,Mannitol,Sorbitol,Mannose,Glycerol,Pyruvate,Lactate,Acetate,Succinate,glcNAc
6PGC:1.1.1.44,0.19496855345911956,0.458128078817734,0.20043103448275867,0.08798486281929996,0.31313131313131315,0.4043478260869565,0.3357400722021662,0.49732620320855614,0.5195530726256983,0.4151785714285715,0.38750000000000007,0.3705179282868526,0.31000000000000005
ACON_C:2.1.1.144,0.9997099547240768,0.9995649951716629,0.9996229739476874,0.9995649951716629,0.9994780396170528,0.9995360083056822,0.9996229739476874,0.9995939837189491,0.9994780396170528,0.9995070231208609,0.9975110970256397,0.9996519658580238,0.9996229739476874
ACON_C:4.2.1.3,0.7528612026152701,0.6700620393288271,0.7008956501911419,0.6700620393288271,0.6285833383738386,0.6556406565843896,0.7008956501911419,0.6851321121197009,0.6285833383738386,0.6418269621302883,0.2615686376649945,0.7174016465797607,0.7008956501911419
ADP:2.7.1.107,0.5973715651135005,0.5945303210463733,0.60790273556231,0.6101281269066504,0.6020469596628537,0.5630630630630631,0.6150061500615006,0.630119722747322,0.6506180871828237,0.6402048655569782,0.6199628022318662,0.6357279084551812,0.6289308176100629
ADP:2.7.4.3,0.11780104712041883,0.11658031088082899,0.12244897959183665,0.12345679012345678,0.11984021304926762,0.10392609699769051,0.12569832402234637,0.13293943870014768,0.1435406698564593,0.1380368098159509,0.12802275960170695,0.1357466063348416,0.13235294117647056
ADP:3.1.3.5,0.5250580485459144,0.5221147347063375,0.5360115451458418,0.5383350918197696,0.529912364514053,0.48984985133538406,0.5434392053422521,0.5593492707647961,0.5811627095879864,0.5700473881969776,0.5486410325232078,0.5652902208029029,0.5580924198357609
ADP:3.1.4.16,0.21990740740740744,0.21788990825688082,0.22754491017964062,0.2291917973462002,0.2232667450058755,0.1966873706004142,0.23284313725490202,0.24453024453024452,0.2613480055020633,0.25265957446808507,0.23661270236612697,0.24901703800786368,0.2435897435897436
ADP:3.6.3.14,0.12919896640826867,0.12787723785166238,0.134228187919463,0.13531799729364002,0.13140604467805517,0.11415525114155245,0.13774104683195587,0.14556040756914113,0.15698587127158548,0.15105740181268879,0.1402524544179523,0.14858841010401191,0.14492753623188404
ADP:4.1.1.49,0.06906077348066308,0.06830601092896182,0.07194244604316558,0.07256894049346885,0.0703234880450071,0.060532687651331796,0.07396449704142016,0.07849293563579285,0.08517887563884163,0.0816993464052288,0.0754147812971343,0.0802568218298556,0.07812500000000011
AKG:1.1.1.290,0.2612359550561798,0.21281464530892458,0.3842975206611571,0.21184510250569477,0.2177985948477752,0.2657142857142858,0.2844036697247707,0.23192019950124698,0.1353711790393013,0.1712707182320442,0.2861538461538462,0.14553990610328638,0.23425692695214106
AKG:1.1.1.95,0.1877570254846478,0.15018657881466546,0.2897819916524246,0.14944818883418198,0.1539907475354202,0.19130189902443584,0.20622734758601935,0.16484708315636032,0.09284548762354328,0.11901989636238297,0.20763602965435646,0.10018995377827034,0.16665464304262767
AKG:1.14.11.17,0.05689302186919054,0.04408730762883928,0.09623299567686439,0.04384364081063785,0.045347429232614256,0.058144034290701696,0.06349616486922305,0.048987931713509014,0.026014754109682126,0.034055968973956685,0.06400850857659901,0.02823718669351527,0.049600538344142575
AKG:1.4.1.13,0.12477429283854091,0.09828181864710195,0.2010463219744374,0.09776925865809383,0.10092740218032026,0.1273164362130933,0.13810223236510955,0.10852265157917274,0.05937336039443042,0.07691155650061376,0.1391271329230912,0.06425759521077345,0.10979380338061151
AKG:1.4.1.4,0.9311683396095788,0.911838186577074,0.9598048632297583,0.9113710463204185,0.914181089561163,0.9326328567517435,0.9382897740168604,0.9203293627409165,0.8569335255348819,0.8877222008261831,0.9387849246993627,0.8669563447476669,0.9212825987375024
AKG:2.2.1.9,0.8508224617129891,0.8134490238611713,0.9096422073984233,0.8125677139761647,0.8178844056706652,0.8537279453614115,0.8650519031141869,0.8296460176991151,0.7163323782234957,0.7692307692307692,0.8660508083140878,0.7331378299120235,0.8314855875831486
AKG:2.6.1.1,0.45074189511041707,0.38552523484396106,0.5915880391355341,0.38415283818681645,0.39253698104283785,0.456461634709705,0.4798008318931236,0.41202041296569736,0.2665106498367009,0.32414948501763485,0.4819436239637248,0.28330251897123293,0.4151908512155432
AKG:2.6.1.11,0.9048136083966702,0.8790436005625879,0.9437523593808984,0.8784258608573436,0.8821453775582216,0.9067827348567283,0.9144111192392099,0.8903133903133903,0.8080155138978669,0.847457627118644,0.9150805270863837,0.8207485226526592,0.891583452211127
AKG:2.6.1.19,0.8027006751687922,0.7567185289957568,0.8777686628383922,0.7556497175141244,0.7621082621082621,0.8063300678221552,0.8205521472392638,0.7764876632801161,0.6430288461538463,0.7039473684210527,0.8218125960061444,0.6621287128712872,0.7787481804949055
AKG:2.6.1.29,0.7699037620297463,0.7189542483660131,0.8551992225461613,0.7177814029363785,0.7248764415156508,0.7739665787159191,0.7899461400359067,0.7407407407407407,0.5970149253731343,0.6616541353383458,0.7913669064748201,0.6171107994389902,0.7432432432432432
AKG:2.6.1.42,0.795152796000601,0.7479638865731496,0.872636919872245,0.7468694791268922,0.7534843888081206,0.7988862472720973,0.8135285465554752,0.7682265314924367,0.6321716695573147,0.6940614819527727,0.8148271962271556,0.6515376498369159,0.7705459093893652
AKG:2.6.1.82,0.9863468826247209,0.9822167080231596,0.9922189148258395,0.9821151659257727,0.9827247336298748,0.9866542036661993,0.987834043880628,0.984048062979076,0.969684597325712,0.9768637532133676,0.987936772046589,0.9720658958354651,0.984251968503937
ATP:1.17.4.1,0.050687907313541,0.05131964809384171,0.05014326647564471,0.05339435545385207,0.05079825834542817,0.04270896888346554,0.05216095380029806,0.05988023952095811,0.061457418788410934,0.05887300252312877,0.05417956656346756,0.05672609400324158,0.05359877488514553
ATP:2.1.2.2,0.055747623163353466,0.05643867580574591,0.05515177426250528,0.05870752427184456,0.05586834127327844,0.047011661807580096,0.057358826144953245,0.0657939476368582,0.06751570132588969,0.06469408224674011,0.059565953517007775,0.062348960850652446,0.05893101873001361
ATP:2.5.1.6,0.05604648644800703,0.056741021205907294,0.0554476307742372,0.059021263755995146,0.05616781323210074,0.047266035886035396,0.05766579959165041,0.06614289664938178,0.06787311850121758,0.06503760404658276,0.05988398868744638,0.06268086471206691,0.059245877417801296
ATP:2.7.1.107,0.45023228899935697,0.4534650176193745,0.44741791914502027,0.4638483210984611,0.45079941706260396,0.4062763295800458,0.4577181065377842,0.49416459779819955,0.5010835919825642,0.4896571199779085,0.4676873832571665,0.47980989883969294,0.4648524767626748
ATP:2.7.1.11,0.037303605089803016,0.03777517057338653,0.036897188721784824,0.03932501107566433,0.037385965121479625,0.03136192722327191,0.03840342406625674,0.04418163946623077,0.04536528754913405,0.04342626867587818,0.03991204374403923,0.041817623624964995,0.03947781263576344
ATP:2.7.1.12,0.053701249119613714,0.05436839531160664,0.053126041944201674,0.056559006723699956,0.05381778849267038,0.045270591537805216,0.0552567693803695,0.0634035571876772,0.06506711389611675,0.06234098494489648,0.05738793539791742,0.06007568310124456,0.056774815297986114
ATP:2.7.1.148,0.015026296018031515,0.015220700152207,0.014858841010401247,0.015860428231562307,0.015060240963855387,0.012586532410320928,0.01547987616099078,0.01787310098302053,0.018365472910927494,0.017559262510974505,0.01610305958132041,0.016891891891891886,0.015923566878980888
ATP:2.7.1.16,0.1050251842874087,0.1062583461825074,0.10396062885660418,0.1102958482478702,0.10524071699059878,0.0892974277454266,0.10789785292231502,0.12279699710964509,0.1258095684817433,0.12086750953340153,0.11181899952451235,0.11674029040829037,0.11069263995349066
ATP:2.7.1.2,0.5112095423139171,0.5144703810794194,0.5083664681874003,0.5249089582531746,0.5117819774328757,0.4663502943749197,0.5187525557903883,0.5550843110921773,0.5619087520251327,0.5506260369780251,0.5287549924543717,0.540852115060325,0.5259156375768141
ATP:2.7.1.23,0.36644861003265505,0.369484064975379,0.3638113879443474,0.37927888188327974,0.36698064916393414,0.3258246047971567,0.373487758664905,0.4082768695075789,0.4149798682352447,0.4039272229046985,0.3829178982352949,0.3944714445100378,0.380229795112787
ATP:2.7.1.25,0.007570022710068125,0.0076687116564416735,0.007485029940119792,0.007993605115907298,0.007587253414264028,0.0063331222292590805,0.007800312012480548,0.00901713255184855,0.009267840593141785,0.008857395925597866,0.008116883116883078,0.008517887563884163,0.008025682182985605
ATP:2.7.1.30,0.005914467697907155,0.005991703794745784,0.005847953216374324,0.006245996156310052,0.005927952576379458,0.004946727549467345,0.006094702297233967,0.007047343693530883,0.007243684992570554,0.006922257720979763,0.00634249471458781,0.0066564260112647045,0.006271104679208883
ATP:2.7.1.33,0.14149807136620318,0.1430910129990849,0.140121701220423,0.14829582708653044,0.14177659649555452,0.12104715083823603,0.14520649406098485,0.16430856276272798,0.16814432544687696,0.1618471563442011,0.15025512231527616,0.1565698326005731,0.1488064599749962
ATP:2.7.1.39,0.23654872234068236,0.23891392863291105,0.23450032902482942,0.24660116968212153,0.23696270284008925,0.20565083299642029,0.242045915533032,0.2698654012939631,0.27535343783173205,0.2663266514705568,0.24947883624530387,0.25869406666617334,0.247351994433463
ATP:2.7.1.49,0.09841138848772435,0.09957553406165198,0.09740657545435982,0.10338848349107721,0.09861484391151543,0.08358156649728399,0.101123595505618,0.11520811528862407,0.11805956604240575,0.1133824578084146,0.10482748516592189,0.10947899931145277,0.1037633239068958
ATP:2.7.1.56,0.18275975501289965,0.18471726262258958,0.1810666774858115,0.1910985337127995,0.1831021771367003,0.1574388779075402,0.18731362931974405,0.21059026802012926,0.2152282091362927,0.20760778205849617,0.19349486515740266,0.20119652622767814,0.1917233738345412
ATP:2.7.1.59,0.008489457086854113,0.008600028653867331,0.008394228640665746,0.008964021968797309,0.008508762642614354,0.007103401324544456,0.008747470166064808,0.01011053835195197,0.010391328148870005,0.009931626390156767,0.00910212849538583,0.009551339042505158,0.008999957835095995
ATP:2.7.1.6,0.6435012174447036,0.6464898048452754,0.6408870816966455,0.6559879632252148,0.6440266057762651,0.6013144085350672,0.6503988447959315,0.6828678134459321,0.6888309746788548,0.6789494020097369,0.6594612829377312,0.6702952985342217,0.6568984425611522
ATP:2.7.1.71,0.10876954452753229,0.11004126547455295,0.10767160161507394,0.11420413990007139,0.10899182561307896,0.09253903990746093,0.11173184357541899,0.12708498808578228,0.13018714401952802,0.12509773260359647,0.11577424023154848,0.12084592145015094,0.1146131805157593
ATP:2.7.1.73,0.3145984869332299,0.3174196297298715,0.31215056394884566,0.32654906324339716,0.31509268602649954,0.2772074908367659,0.32114650969663594,0.35381352677980005,0.36016661489584745,0.34970120308368524,0.3299510870178407,0.34078908255861484,0.3274375124758958
ATP:2.7.2.11,0.359802731257305,0.3628146612637231,0.357186372673578,0.3725371386618491,0.3603306092249713,0.31954388354952834,0.3667881267735049,0.4013529640012753,0.4080206718954449,0.3970275884051251,0.37615066881822934,0.3876282921797356,0.37348131939239826
ATP:2.7.2.4,0.5497600455610328,0.5529885874827487,0.546942478551607,0.5633019784347232,0.5503270460739638,0.5050130721444801,0.5572234213549951,0.5929298965750066,0.599592577536351,0.5885697663536706,0.567093536762999,0.5789901133662236,0.5642948327338141
ATP:2.7.2.8,0.34261895186472535,0.3455646806391499,0.3400611741633339,0.35508250301693267,0.34313513157283837,0.3033716994701794,0.3494528368489377,0.38337311739388413,0.38993668729100905,0.37911879814659544,0.35862349314229636,0.369883396755581,0.35600754530147294
ATP:2.7.4.16,0.17077798861480076,0.17263427109974427,0.16917293233082709,0.17868960953011248,0.1711026615969582,0.1468189233278956,0.17509727626459148,0.19722425127830534,0.20164301717699773,0.1943844492440605,0.18096514745308312,0.18828451882845187,0.17928286852589648
ATP:2.7.4.25,0.028169014084507116,0.028528528528528607,0.027859237536656867,0.029710711493354247,0.02823179791976227,0.023646546359676446,0.02900763358778624,0.033421284080914715,0.03432700993676607,0.032843560933448646,0.030158730158730163,0.03161397670549082,0.02982731554160123
ATP:2.7.4.3,0.060903060157742384,0.06165384731937562,0.06025562454426636,0.06411810045909594,0.06103422045443441,0.051403192924508234,0.06265337763532941,0.07180779724528685,0.07367451546539727,0.07061499850086395,0.06505017650445999,0.06807086805284746,0.06436078415341273
ATP:2.7.4.7,0.12832446808510645,0.12979152656355075,0.12705727452271232,0.1345885634588564,0.12858094603597603,0.10953461975028378,0.13174061433447104,0.14938080495356043,0.15293185419968314,0.14710365853658536,0.13639575971731455,0.14222549742078117,0.13505948215535346
ATP:2.7.4.9,0.1431871085332077,0.144795857792544,0.14179702252779103,0.1500518253000772,0.14346840275975847,0.12252691011671923,0.1469322217669916,0.16621716680643583,0.17008841709670797,0.16373277056748425,0.15203017961073761,0.15840558298013419,0.15056743576420717
ATP:2.7.6.1,0.01724137931034475,0.01746393318147299,0.017049666419569953,0.018196202531645556,0.01728024042073617,0.014447236180904488,0.01776061776061766,0.02049910873440275,0.021062271062270987,0.020140105078809034,0.01847389558232926,0.019376579612468303,0.018268467037331093
ATP:2.7.6.3,0.01178847703485797,0.011941499433645753,0.011656677684658168,0.012445144030682309,0.011815195369434983,0.009869158520478316,0.01214552632046595,0.014030599381435027,0.01441867132101915,0.013783285500748366,0.012636199521226632,0.013257490898222368,0.012494859417840787
ATP:2.7.7.18,0.021754770684592084,0.0220342777482897,0.021513970467504362,0.022953706433612053,0.021803579030515663,0.01824276360057775,0.022406834592072267,0.025842872380216764,0.02654886228256681,0.025392708808329445,0.023302280755802096,0.02443501921500424,0.023044421447967922
ATP:2.7.7.27,0.32411847594710863,0.3269842612670093,0.32163123783258574,0.3362532708533238,0.324620546954006,0.28606824936718345,0.33076902221945004,0.3638901677275259,0.37032050015446816,0.3597259239217043,0.3397053970231906,0.35069610000423224,0.33715490447565044
ATP:2.7.7.3,0.14369693011103857,0.14531043593130777,0.1423027166882277,0.15058179329226562,0.143979057591623,0.12297372833985465,0.14745308310991956,0.16679302501895377,0.1706749418153607,0.16430171769977597,0.15256588072122046,0.15895953757225434,0.15109890109890112
ATP:2.7.7.58,0.4607157548334019,0.46396023198011604,0.45789043336058877,0.4743752647183397,0.4612850082372323,0.4165117143919673,0.4682274247491639,0.5047318611987383,0.5116491548652353,0.5002233139794551,0.47822374039282667,0.49036777583187385,0.4753820033955857
ATP:2.7.7.63,0.004161897607490417,0.004216344240756453,0.004115011053725359,0.00439562221945855,0.004171403425503262,0.003479913568362192,0.004288955664969785,0.004960755939822814,0.005099262761388501,0.0048725238658619,0.004463661524977347,0.004685035621609934,0.004413325386563471
ATP:2.7.9.2,0.020911127707244237,0.021180030257186067,0.020679468242245203,0.022064617809298692,0.020958083832335328,0.017532874139010612,0.021538461538461506,0.024844720496894457,0.025524156791248864,0.02441150828247607,0.022399999999999975,0.023489932885906062,0.022151898734177222
ATP:2.7.9.3,0.4421823695066843,0.4454041259218424,0.43937810345906214,0.4557567717766786,0.44274752368189485,0.39844273376172956,0.44964381159396405,0.48602360318712434,0.4929396914433788,0.48151969494684754,0.45958627023911125,0.4716848699366448,0.45675833354124107
ATP:3.1.3.5,0.22342498618077766,0.22569776356106663,0.22145727240074353,0.2330899982341622,0.2238227325001927,0.19380615047669658,0.22870855960612568,0.2555118802200852,0.2608122892512079,0.252096361634523,0.23585935770902544,0.24473555940985647,0.2338124523366374
ATP:3.1.4.16,0.12072434607645877,0.12211668928086838,0.11952191235059761,0.12667135819845177,0.12096774193548387,0.10291595197255576,0.12396694214876025,0.14073494917904605,0.14411529223378694,0.13856812933025398,0.1283880171184022,0.1339285714285714,0.1271186440677966
ATP:3.6.3.14,0.08128996114999354,0.08227005229413453,0.0804443656546181,0.0854832505716242,0.0814612179892239,0.06884319587825682,0.083574043685403,0.09547387868529411,0.09789093718550146,0.09392774405358117,0.08669713752038144,0.09062559897671796,0.08579938665618403
ATP:3.6.3.16,0.10946987711002076,0.11074876875690642,0.10836572445650461,0.11493495152289868,0.10969341323993564,0.09314579142324098,0.11244884293362423,0.12788632611966377,0.13100510715603142,0.1258883470685146,0.11651377760857162,0.1216133997543889,0.11534626881136434
ATP:3.6.3.19,0.1016844628301008,0.10288290856591908,0.10064996140962246,0.10680748144550423,0.10189392024818344,0.0864086853568442,0.10447642236139887,0.11896611965797355,0.12189776835288635,0.11708879132018679,0.10828832276301903,0.11307400681506496,0.1071932356603773
ATP:3.6.3.27,0.017903962843658694,0.018134911601790704,0.01770501518631007,0.018894774290457717,0.017944290111870265,0.015004080607696646,0.01844278107878694,0.021284174904265818,0.021868423460517872,0.020911715810657094,0.019182919977526303,0.02011953868170724,0.018969759504722572
ATP:3.6.3.31,0.21398838512169915,0.21619189294878116,0.21208108312363105,0.22336259693434934,0.2143739696298378,0.18532199855692666,0.21911176521647313,0.24514786898570406,0.25030556755922995,0.2418258892256242,0.22605044983696088,0.23467087389818198,0.22406370997963476
ATP:3.6.3.33,0.04646411274338702,0.047045819774281905,0.045962659139686446,0.048956664663599936,0.04656571934409759,0.03912265395337211,0.0478205944091723,0.054934779526132904,0.05638951387637847,0.054005950669421376,0.04968004061770592,0.05202671619515231,0.049144976518487815
ATP:3.6.3.5,0.010539333531980999,0.010676316382550066,0.010421352769319325,0.011127201555386046,0.010563250972134175,0.008821576439012158,0.010858964510003566,0.01254689013478083,0.012894460894853355,0.012325402294453225,0.011298255719173866,0.011854553448286453,0.011171711634950454
ATP:3.6.3.54,0.27609055770292656,0.2787068004459309,0.2738225629791895,0.28719126938541073,0.2765486725663717,0.24166263895601736,0.28216704288939054,0.31269543464665417,0.31867431485022313,0.3088326127239036,0.2903600464576075,0.30048076923076916,0.28801843317972353
ATP:4.1.1.49,0.043763676148796504,0.04431314623338256,0.04329004329004338,0.04611837048424294,0.04385964912280704,0.036832412523020275,0.04504504504504503,0.05176876617773951,0.05314437555358731,0.05089058524173029,0.046801872074883066,0.0490196078431373,0.04629629629629639
ATP:4.6.1.1,0.21003562125655317,0.2122094152620042,0.20815422057532196,0.21928498262552953,0.21041598999067368,0.18177629688224917,0.21509026055328695,0.24079585931834324,0.24589182171708857,0.23751429720893258,0.2219377893428497,0.23044807616425622,0.21997692173218597
ATP:6.1.1.1,0.27609055770292656,0.2787068004459309,0.2738225629791895,0.28719126938541073,0.2765486725663717,0.24166263895601736,0.28216704288939054,0.31269543464665417,0.31867431485022313,0.3088326127239036,0.2903600464576075,0.30048076923076916,0.28801843317972353
ATP:6.1.1.10,0.48043141912845866,0.4836902093697114,0.4775922665407947,0.49413986174502966,0.4810033051803283,0.4358646135258284,0.48797367372590883,0.5244991666403438,0.5313966982010121,0.519999436604818,0.4979967654840526,0.5101519872234074,0.49514903240574515
ATP:6.1.1.11,5.186611220775461e-05,5.254747045746466e-05,5.1279421568128924e-05,5.4791518272923057e-05,5.198506499659583e-05,4.333782857079971e-05,5.345626177211127e-05,6.187060309281733e-05,6.360680517980555e-05,6.0764850750794075e-05,5.564338481978126e-05,5.841583137755624e-05,5.5013154616090354e-05
ATP:6.1.1.14,0.021387202023596008,0.021662091110598247,0.02115038240230327,0.02256634784859657,0.02143520377357322,0.017933446004439024,0.02202849674876961,0.02540802516893992,0.02610245398169575,0.024965242190083337,0.022909177681776582,0.024023277167245505,0.022655567486266404
ATP:6.1.1.15,0.3139717425431712,0.3167898627243928,0.31152647975077885,0.3259098316132537,0.3144654088050315,0.2766251728907331,0.3205128205128206,0.3531489111241908,0.3594967046135411,0.34904013961605584,0.3293084522502745,0.34013605442176875,0.3267973856209151
ATP:6.1.1.16,0.16901135286963143,0.1708523892761924,0.1674195480216487,0.176858586609846,0.16933335308472053,0.145256719279087,0.17329529684123324,0.19524845499623966,0.19963396198465755,0.19243028270663687,0.17911589238547665,0.1863774885093703,0.1774470799223733
ATP:6.1.1.18,0.3080296740278745,0.3108186240648001,0.30561007331787304,0.3198471662889547,0.30851819905938815,0.271110586280467,0.3145037107748683,0.3468402542955573,0.3531365577790303,0.3427659877730824,0.32321287857732617,0.3339398499412064,0.32072606533077463
ATP:6.1.1.19,0.4992485403979414,0.5025115208848591,0.49640443006717405,0.5129638083638342,0.4998212777764006,0.4544630046734941,0.5067980558684098,0.5432376592088018,0.5500965321759854,0.5387593158741026,0.516817529545017,0.5289480941260416,0.5139723625219685
ATP:6.1.1.2,0.1323626737260093,0.13386880856760375,0.13106159895150715,0.13879250520471897,0.13262599469496017,0.1130582249858677,0.13586956521739124,0.1539645881447267,0.15760441292356187,0.15163002274450343,0.1406469760900141,0.14662756598240467,0.1392757660167131
ATP:6.1.1.20,0.006818181818181723,0.0069071373752876974,0.006741573033707815,0.007199999999999873,0.006833712984054552,0.005703422053231821,0.007025761124121677,0.008122743682310363,0.008348794063079645,0.007978723404255206,0.007311129163281804,0.007672634271099654,0.0072289156626504925
ATP:6.1.1.21,0.3660296119003775,0.3690636179159549,0.36339367563521285,0.3788539861208101,0.3665613946684332,0.32542819708404325,0.37306545134356506,0.4078408325822961,0.4145416877417063,0.4034926637051569,0.38249143785925865,0.3940403332920952,0.3798044858889945
ATP:6.1.1.22,0.09798171686316315,0.09914133860273877,0.09698081901572875,0.10293956257246373,0.09818438072249991,0.08321066718151993,0.10068340458084046,0.11471443881958598,0.11755529426974021,0.11289560624220774,0.1043730433382497,0.10900684804448846,0.10331296294203951
ATP:6.1.1.24,0.3210771620921803,0.3239289446185998,0.31860226104830425,0.3331542181622783,0.32157676348547715,0.2832343535861124,0.3276955602536997,0.36067481093659104,0.3670811130846655,0.3565267395054629,0.3365906623235614,0.3475336322869955,0.33405172413793105
ATP:6.1.1.3,0.16920152091254748,0.17104420243433693,0.16760828625235413,0.17705570291777195,0.16952380952380963,0.14542483660130712,0.1734892787524367,0.19546120058565164,0.19985029940119758,0.19264069264069272,0.1793149764942914,0.18658280922431858,0.17764471057884235
ATP:6.1.1.4,0.1673913547871385,0.16921833805971687,0.16581176316823854,0.17517922799724972,0.16771089148770835,0.14382500460038128,0.17164271804132036,0.19343551091175681,0.19779030535912512,0.19063730740944818,0.17741971947976898,0.1846280167097749,0.17576332647684034
ATP:6.1.1.5,0.019536835392058527,0.019788422677996742,0.01932010030413256,0.0206161136548475,0.019580767247942665,0.01637688907981183,0.020123787852900588,0.023218040498177328,0.023854079661242422,0.02281252882203566,0.020929949799846415,0.02194995943776823,0.02069778600818939
ATP:6.1.1.6,0.03865812663262336,0.03914611874026808,0.038237539132592646,0.04074982448356912,0.038743356864359146,0.032507987298197594,0.03979622999616372,0.045774032652418084,0.04699824406945585,0.044992718362999895,0.041357210721462145,0.04332867544528152,0.04090792656146636
ATP:6.1.1.7,0.06343597631901443,0.06421585303985411,0.06276341389954398,0.06677522027701421,0.0635722222142806,0.05356355120780809,0.0652540300967126,0.07475813074771032,0.0766952085863396,0.07352020585788743,0.06774312658099857,0.07087938864343868,0.0670272407523832
ATP:6.1.1.9,0.8776024647558585,0.878997568730129,0.8763751631549507,0.8833756225918616,0.8778483376914457,0.8569605251162367,0.8808095952023989,0.8953233641299172,0.8978890056356863,0.8936210666413157,0.8849557522123894,0.8898144642180992,0.8837908988341482
ATP:6.2.1.20,0.18621973929236502,0.1882057716436638,0.18450184501845024,0.19467878001297867,0.18656716417910446,0.1605136436597111,0.19083969465648853,0.2144388849177985,0.21913805697589483,0.211416490486258,0.19710906701708286,0.20491803278688525,0.1953125
ATP:6.2.1.26,0.05308775731310933,0.053747714808043856,0.05251875669882089,0.05591479650057052,0.053203040173724125,0.04474885844748855,0.05462653288740238,0.06268656716417897,0.06433260393873075,0.06163522012578604,0.056734851408722475,0.05939393939393933,0.056128293241695215
ATP:6.2.1.5,0.023724801420311636,0.024028997872936553,0.02346271824056878,0.02502953039271061,0.023777922234387572,0.019901230125607405,0.024434438896080324,0.028172444860910306,0.02894018468608084,0.027682855027951536,0.025408808328222787,0.02664115328140959,0.025128238250274104
ATP:6.3.1.1,0.17077798861480076,0.17263427109974427,0.16917293233082709,0.17868960953011248,0.1711026615969582,0.1468189233278956,0.17509727626459148,0.19722425127830534,0.20164301717699773,0.1943844492440605,0.18096514745308312,0.18828451882845187,0.17928286852589648
ATP:6.3.1.2,0.1323626737260093,0.13386880856760375,0.13106159895150715,0.13879250520471897,0.13262599469496017,0.1130582249858677,0.13586956521739124,0.1539645881447267,0.15760441292356187,0.15163002274450343,0.1406469760900141,0.14662756598240467,0.1392757660167131
ATP:6.3.1.5,0.1323626737260093,0.13386880856760375,0.13106159895150715,0.13879250520471897,0.13262599469496017,0.1130582249858677,0.13586956521739124,0.1539645881447267,0.15760441292356187,0.15163002274450343,0.1406469760900141,0.14662756598240467,0.1392757660167131
ATP:6.3.2.1,0.16100825496485338,0.16277919070359093,0.15947736035549132,0.1685592762402356,0.16131796764948447,0.1381914028475586,0.16512965408684854,0.1862814714054135,0.19051325015688103,0.18356320424504247,0.1707326260429467,0.17772793770446982,0.1691258278143064
ATP:6.3.2.13,0.3210771620921803,0.3239289446185998,0.31860226104830425,0.3331542181622783,0.32157676348547715,0.2832343535861124,0.3276955602536997,0.36067481093659104,0.3670811130846655,0.3565267395054629,0.3365906623235614,0.3475336322869955,0.33405172413793105
ATP:6.3.2.17,0.12922598318631484,0.13070180277033694,0.12795119399692345,0.13552724340678057,0.12948399531151045,0.11032083759263933,0.13266247628850358,0.15040472243242353,0.15397570603685606,0.14811468535837646,0.1373450435025585,0.14320862667236378,0.13600093034940097
ATP:6.3.2.2,0.0021561618370474767,0.0021844266605512974,0.00213182286326985,0.002277505577297778,0.0021610964750367057,0.0018022503134178525,0.0022221236708311887,0.0025710217817025427,0.002642983239538599,0.002525185687434539,0.002312834974656397,0.0024277995388731766,0.002286697719735109
ATP:6.3.2.4,0.516414607156031,0.5196733481811433,0.5135730007336758,0.5301022340022719,0.51698670605613,0.4715392388009432,0.5239520958083832,0.5602240896358543,0.5670311867152694,0.55577610162763,0.5339435545385203,0.5460218408736349,0.5311077389984826
ATP:6.3.2.8,0.11045150677424087,0.11174042743833157,0.1093386686965484,0.1159592059224307,0.11067679825965715,0.09399649161677215,0.11345378213425872,0.12900917447394,0.13215118921615,0.12699620756465135,0.11755023318127511,0.12268891967590356,0.11637370674483372
ATP:6.3.2.9,0.07110173453251745,0.07196861158359114,0.07035400327835328,0.07481226771331151,0.07125319212192505,0.06011287406789845,0.07312233341769425,0.0836698550911884,0.08581642965221015,0.0822974862557675,0.0758871977565323,0.07936840121655964,0.07509218054259703
ATP:6.3.3.1,0.0527456647398844,0.05340160936356986,0.05218012866333088,0.05555555555555558,0.0528602461984069,0.04445797807551766,0.05427509293680299,0.062286689419795205,0.06392294220665495,0.06124161073825496,0.0563706563706563,0.05901374292643491,0.055767761650114545
ATP:6.3.3.3,0.0037993920972643203,0.0038491147036180395,0.0037565740045077956,0.0040128410914926915,0.0038080731150037517,0.0031766200762388674,0.003915426781519127,0.00452898550724623,0.004655493482308981,0.004448398576512358,0.004074979625101838,0.004277159965782595,0.0040290088638194055
ATP:6.3.4.18,0.03532008830022082,0.03576751117734722,0.03493449781659397,0.03723816912335143,0.03539823008849563,0.029684601113172615,0.036363636363636376,0.041848299912816134,0.0429722470904208,0.04113110539845766,0.03779527559055118,0.03960396039603964,0.03738317757009346
ATP:6.3.4.2,0.03956043956043964,0.0400593471810089,0.03913043478260869,0.04169884169884175,0.0396475770925111,0.03327171903881698,0.040723981900452566,0.04683434518647012,0.048085485307212905,0.04603580562659848,0.042319749216300995,0.044334975369458185,0.041860465116279055
ATP:6.3.4.21,0.23378141437755695,0.2361275088547815,0.23174971031286218,0.24375380865326024,0.23419203747072603,0.20314880650076172,0.23923444976076558,0.2668445630420281,0.2722940776038121,0.26333113890717585,0.24660912453760786,0.25575447570332477,0.24449877750611249
ATP:6.3.5.2,0.1388320155909979,0.14039985203570537,0.13747742568732624,0.14552340124261576,0.1391061431812547,0.11871314090117124,0.14248216202511743,0.1612934673688664,0.165072746463078,0.15886864175162663,0.14745240850895347,0.15367063154903715,0.14602612447456886
ATP:6.3.5.4,0.10639585120217598,0.10764317121328282,0.10531903737216275,0.11172671458744077,0.1066138617036353,0.09048358642512078,0.10930143190999309,0.12436737070540604,0.12741287211251784,0.12241665160594917,0.11326711008468326,0.11824364928688025,0.11212800512531107
ATP:6.3.5.5,0.07288095559906882,0.0737678023459144,0.07211596606198156,0.07667667520957211,0.07303590520694625,0.061635360184322696,0.07494803749312973,0.08573454835149807,0.0879290103075071,0.08433143072457239,0.07777614176090242,0.08133637074222955,0.07696298350051278
CIT:2.1.1.144,0.9724180146224066,0.9605557934434126,0.9799885555719514,0.9669994902095715,0.9682566559769898,0.9766686593055972,0.9816030729976248,0.9717836070191169,0.9683091088253892,0.9765085896011827,0.8957183013518382,0.9742731103500615,0.9712555660030242
CIT:4.1.3.6,0.23988005997001505,0.17897091722595082,0.3047619047619047,0.20779220779220786,0.21447721179624668,0.2725724020442929,0.3232323232323232,0.23564064801178208,0.21476510067114085,0.27118644067796605,0.07139669790272207,0.2531645569620252,0.23222060957910018
CIT:4.2.1.3,0.8757083100230927,0.8295446979533844,0.907292504201358,0.8541407604083022,0.859070730381638,0.893226355507582,0.9142589693708223,0.8731396944441958,0.8592773811217762,0.8925567896433196,0.6318843173776492,0.8832871738197682,0.8710106640206885
DHAP:1.1.1.94,0.15482695810564662,0.14912280701754377,0.22880215343203236,0.11963406052075998,0.14542343883661246,0.11821974965229476,0.1696606786427145,0.06849315068493145,0.4415584415584416,0.3655913978494624,0.24673439767779393,0.21356783919598,0.170854271356784
DHAP:4.1.2.17,0.9833177536492413,0.9825758936590623,0.989633274835815,0.97764115029222,0.9820643099517047,0.9773441966838193,0.9850176474825326,0.9594471339367151,0.9960848584175545,0.9946358759887263,0.9906010612289248,0.9886852474424321,0.985141828005403
DHAP:4.1.2.19,0.43393187789106413,0.423092476098198,0.5538698847586198,0.36250835533060455,0.4159188121094263,0.35939493283981927,0.4609229600752015,0.23529261157341008,0.7679134795790921,0.7068697782832901,0.5781786400446842,0.5319201522329821,0.46302300272916586
DHAP:4.2.3.3,0.35096570814908745,0.3409504930665508,0.4668857890159862,0.28629155788353855,0.33436237007792013,0.2835415800028319,0.3762260836428435,0.17834019258991463,0.7000627467890381,0.6297767860976329,0.4915834994337943,0.4449452120032529,0.378210971832464
F6P:1.1.1.140,0.6410835214446953,0.6127292340884574,,0.6269315673289183,0.6498855835240274,0.5514563106796116,0.4042704626334519,0.6706021251475798,0.662777129521587,0.5579567779960708,0.5997888067581837,0.48630136986301364,0.6114101184068892
F6P:2.2.1.1,0.7757404795486601,0.7539410555174777,,0.764951321279555,0.7823613086770982,0.704225352112676,0.5678884873515746,0.7976794778825236,0.7919366450683946,0.7096774193548387,0.7437457741717377,0.6470588235294118,0.7529089664613279
F6P:2.2.1.2,0.7838747575616853,0.7626240817844422,,0.7733626078066577,0.7903203491489971,0.7139972501823838,0.5794749794296379,0.805217800975547,0.7996351951786208,0.7193409773925332,0.7526705517930392,0.6578016542732332,0.7616168978821399
F6P:2.6.1.16,0.6568948021484171,0.6290668754042489,,0.6430191288511329,0.6655114220784059,0.5685587445463796,0.4210935438715706,0.6857504539141862,0.6781125839606127,0.5750023743195021,0.6163305294940002,0.5036520638801238,0.6277696022005137
F6P:2.7.1.11,0.11361760438726787,0.10196485600180083,,0.1076181792587847,0.11754944431382774,0.081075473483741,0.0464381627995788,0.12747507209688969,0.12360939891146416,0.08305791385151862,0.09710662948414228,0.0636143542779739,0.10145726719092918
F6P:3.5.99.6,0.842418235877106,0.825643516270034,,0.8341511285574092,0.847457627118644,0.786308973172988,0.6700827749310209,0.8590197069226883,0.8547008547008547,0.7906976744186046,0.8177008177008177,0.7391304347826086,0.8248423095584667
F6P:5.3.1.8,0.3205128205128205,0.2946954813359529,,0.30737704918032793,0.32894736842105254,0.24509803921568618,0.15197568389057747,0.3496503496503496,0.3416856492027335,0.25,0.28355387523629494,0.20000000000000007,0.29354207436399216
F6P:5.3.1.9,0.350310100863777,0.32323435868297734,,0.3365580042696006,0.3591143640702359,0.2706771113516766,0.17002514125304724,0.3806390181159651,0.3723726002199459,0.2759036793626233,0.3114902957435396,0.22225822503597548,0.322020251485131
FDP:3.1.3.11,0.006396694451589413,0.007990281494430373,0.01532076101847557,0.0076861226825155615,0.0070016379861352895,0.005947092744367222,0.0103319349132025,0.00592330253786888,0.2121146830299836,0.09363267960780353,0.05627076331891312,0.04336237411936661,0.007814575802187251
FDP:3.1.3.7,0.45882352941176474,0.5147382314122304,0.672027570361861,0.5049633146309884,0.4814814814814814,0.44067796610169496,0.5789213260761998,0.43968432919954903,0.972568578553616,0.9315286624203821,0.8870356330553449,0.856515373352855,0.5091383812010444
FDP:4.1.2.13,0.11237668727017369,0.13673922310083797,0.234290442018795,0.13218715826550131,0.12177591709095514,0.1052672965587077,0.17033367440098446,0.10488811745209448,0.841127367492555,0.6701360674302994,0.5397165313514463,0.4712899083544472,0.13411510012869365
FUM:4.2.1.2,0.49738925053500893,0.5102397865593609,0.8255280020910429,0.45549256512979763,0.6006514207740128,0.6324305226474551,0.7618374991177156,0.6350832181767803,0.2911308637309089,0.567625152182901,0.446976436465926,,0.5457994900822791
G6P:1.1.1.49,0.1583442823665906,0.34534589219740686,,0.24156536372813986,0.2871374952065501,0.24935059010666716,0.21108439837876747,0.2797826333207062,0.25069717822039217,0.18724480350492811,0.2101289286946224,0.14476509244305746,0.2853723649775115
G6P:2.4.1.15,0.8422018675337163,0.937364618565646,,0.9003559646673239,0.9195297728585629,0.9040644227372621,0.8835927284731896,0.9168091886024082,0.9046854712018128,0.8672994775125658,0.8830002924224791,0.8276465297016958,0.9188881837837979
G6P:2.6.1.16,0.9418967445693766,0.9784735812133072,,0.9648435144425014,0.9719944110321366,0.9662419228214264,0.9584281777884269,0.9709916251972327,0.9664753850800363,0.9520409377603237,0.9581985866570847,0.9358366964964614,0.9717582751290617
G6P:5.3.1.9,0.22099447513812154,0.44303797468354433,,0.324449594438007,0.37786774628879893,0.3337306317044101,0.2874743326488707,0.36939313984168864,0.33532934131736525,0.2578268876611418,0.2862985685071575,0.2033405954974583,0.37583892617449666
GDP:3.6.1.19,0.3867403314917127,0.5537974683544303,0.5287009063444108,0.4807692307692307,0.4216867469879517,0.3731343283582089,0.4957507082152973,0.6329113924050632,0.4736129905277401,0.5021520803443328,0.482758620689655,0.6108202443280977,0.5028735632183907
GLYC3P:1.1.1.94,0.4117647058823529,0.3743315508021391,0.4085603112840467,0.4133858267716536,0.4,0.3639514731369151,0.41257367387033406,0.04315659679408135,0.4374999999999999,0.4625550660792951,0.41420118343195267,0.4374999999999999,0.4158415841584159
GLYC3P:2.3.1.15,0.5659461985976425,0.5270552422514354,0.5626896972363706,0.5675886252671756,0.5539245458566839,0.5159323923231434,0.5667662220415878,0.07750074712886834,0.5916259477610375,0.6158439550893886,0.5684134186489693,0.5916259477610375,0.5700702176818269
GLYC3P:2.7.8.5,0.5161290322580645,0.4769001490312965,0.5128205128205128,0.5177993527508091,0.5039370078740157,0.46579330422125176,0.5169628432956381,0.06430868167202575,0.5423728813559323,0.5673758865248227,0.5186385737439222,0.5423728813559323,0.5203252032520325
GLYC3P:3.1.3.21,0.90625,0.8920332205475239,0.9051186017478152,0.906816760475297,0.9020217729393468,0.8876645240281604,0.9065332916536417,0.3838009528851244,0.9148264984227129,0.9223918575063613,0.9071004066312167,0.9148264984227129,0.9076682316118936
GMP:1.7.1.7,0.4789305634412667,0.5346483459137321,0.41795165071949125,0.5346483459137321,0.45976500410998555,0.5108747069239428,0.4997634814986368,0.5473846638509571,0.425694614712969,0.60503709969544,0.5224912378253517,0.5473846638509571,0.5224912378253517
GMP:3.1.3.5,0.9532624625195876,0.9622571686163884,0.9409487271272361,0.9622571686163884,0.9497114884167511,0.9586389936269666,0.9568400904869392,0.9640765174884116,0.9426883191637644,0.9714232344513938,0.9604446735480379,0.9640765174884116,0.9604446735480379
GMP:3.1.3.6,0.9122807017543859,0.9285714285714286,0.8904109589041096,0.9285714285714286,0.9059233449477352,0.9219858156028369,0.9187279151943463,0.931899641577061,0.8934707903780069,0.9454545454545454,0.9252669039145908,0.931899641577061,0.9252669039145908
GTP:2.7.1.107,0.8815482825007599,0.884326082537101,0.8998758791890773,0.8718308447740254,0.8934990243401458,0.8786991213008787,0.9135776541005985,0.9069112894819139,0.9232728430436167,0.9327758121582502,0.9253350350989151,0.8983890954151177,0.9020217729393468
GTP:2.7.1.11,0.7862497714390199,0.7907318867230599,0.8162490508731967,0.7707474457788134,0.8056960839422896,0.7816760588983821,0.8393519422213547,0.8280377431157326,0.8560621142743381,0.8727420336919017,0.859656137544982,0.813777441332324,0.8198284080076264
GTP:2.7.4.25,0.3537866224433389,0.35995500562429705,0.3980099502487563,0.3335070349140177,0.38163387000596305,0.34763715372080395,0.43745727956254277,0.41748206131767773,0.4695524578136464,0.5051302288871349,0.4769001490312965,0.3940886699507389,0.4037854889589906
GTP:3.1.5.1,0.11372251705837755,0.11645962732919246,0.13416815742397126,0.10496850944716574,0.12636899747261998,0.11102886750555141,0.15416238437821173,0.14381591562799612,0.17182130584192445,0.1930501930501931,0.176056338028169,0.13227513227513232,0.136986301369863
GTP:3.5.4.25,0.21972029353224154,0.2243627544647283,0.2537662663575667,0.20469136536047483,0.24094960723873282,0.2151253791052239,0.285702323342526,0.2693388162379443,0.3128556746860698,0.3442662068609189,0.31922698200644206,0.25067433830138497,0.2583469542518536
GTP:3.6.1.19,0.46104195481788846,0.46772684752104776,0.5081300813008129,0.4387889425186484,0.4909180166912126,0.45433893684688775,0.5485463521667582,0.5282620179609085,0.5803830528148578,0.6146281499692685,0.5875440658049353,0.504032258064516,0.5141388174807198
GTP:3.6.5.6,0.034682080924855474,0.035593220338983045,0.04158415841584162,0.03179409538228617,0.03892493049119561,0.03378921962992765,0.048554913294797775,0.044919786096256686,0.05490196078431375,0.06278026905829603,0.05645161290322587,0.040935672514619825,0.042553191489361764
GTP:6.3.4.4,0.021637969504520127,0.022214310633502987,0.026014096089865824,0.01981387558616965,0.02432527310939603,0.021073587026689378,0.030457784826877665,0.028137454905730053,0.03452503637567539,0.03960182594800499,0.035521150356754516,0.025601932106646852,0.02663038244703564
IMP:1.1.1.205,0.010792410695003363,0.011882996894429843,0.01270167426093416,0.012162009900812953,0.012007614714807047,0.009648434377024895,0.013947611182772102,0.016093786664887588,0.016177561418552422,0.014741509529764274,0.01380598904001118,0.011786426673847106,0.013060057542088388
IMP:3.1.3.5,0.24868123587038427,0.267314702308627,0.2807316035729478,0.2719406674907293,0.2693877551020408,0.22813688212927763,0.3002729754322111,0.3316582914572864,0.33282904689863835,0.3122043519394513,0.29810298102981025,0.2657004830917874,0.28645833333333337
IMP:6.3.4.4,0.017115126006957415,0.018832466584151608,0.02012017762692886,0.019271470865208973,0.01902856050886126,0.015311326677603598,0.022077540409520258,0.025442422765087236,0.025573596143501964,0.02332324888059989,0.02185519774390199,0.018680487415326574,0.020683492127108405
MAL__L:1.1.1.37,0.5471380471380471,0.5694261936049059,0.8280254777070064,0.5115089514066495,0.6459627329192547,0.6808064938465567,0.7622398123717385,0.644361833952912,0.6582278481012658,0.7432818753573471,0.4714415231187671,0.2000923503155302,0.5866425992779785
MAL__L:1.1.1.40,0.6130888169723121,0.6343005952380952,0.8632911392405063,0.5786526387239097,0.7052740434332989,0.7366601857852668,0.8078654347311064,0.7038183694530443,0.7163865546218486,0.7915506035283194,0.5391304347826087,0.2470298464213272,0.6505150705837466
MAL__L:4.2.1.2,0.11252761705881342,0.12187616838097193,0.3356823840959505,0.09901220458058857,0.16071025624651325,0.1829014939167385,0.2517512725926383,0.15976925486423477,0.16813741453936137,0.23304512296070945,0.08559467176089375,0.02558054401301879,0.12963505688762822
PEP:2.5.1.19,0.601221173982792,0.4679339290643043,0.27072870231473467,0.3850167026029737,0.58689218361659,0.5397264638090257,0.2898483262885989,0.2455341850065763,0.18755977261242163,0.19759305686555007,0.16029315752937967,0.08977684110939455,0.6662912587003568
PEP:2.5.1.54,0.5012008765606524,0.3695394728821755,0.1983433131195571,0.29441003483911443,0.4863484175191425,0.43868246786387766,0.21384992629145572,0.1782387141377214,0.1333454665210031,0.14098187800285011,0.11286538803823554,0.06168093429382149,0.5709445428940475
PEP:2.5.1.55,0.10193557611981385,0.06210000254334891,0.027188788724990753,0.04501219462081418,0.09662290701828302,0.08112080270633792,0.02981203866464255,0.023915309907079907,0.017083661019804075,0.018201841481803593,0.014167928196059831,0.007370883747371382,0.13067560311384618
PEP:2.5.1.7,0.10257440293701814,0.06250655703297137,0.02737345810083458,0.045312283863217506,0.09723204424167675,0.0816410425498375,0.03001397573776099,0.02407829575429621,0.01720090879110281,0.018326620408769645,0.014265455277581718,0.007421974596692249,0.13146817589570892
PEP:4.1.1.31,0.9244992295839753,0.8771929824561403,0.7509386733416771,0.8356545961002786,0.9202453987730062,0.9049773755656109,0.7682458386683739,0.7255139056831923,0.6521739130434783,0.6666666666666666,0.60790273556231,0.4447739065974796,0.9419152276295133
PEP:4.1.1.49,0.8802016253687717,0.8108195771793002,0.644020257706915,0.7531487004381625,0.8737927102796218,0.8510710735662319,0.665447103908225,0.6133014583953023,0.5294260025919466,0.5454687146876724,0.4819419795398675,0.3246293014654529,0.9068058373072665
PNTO__R:2.7.1.33,0.5773685587398896,0.605817156284398,0.40142862956475445,0.559842122940162,0.6974593226812105,0.6159334224511175,0.49255830377286147,0.5131142702727747,0.5354606845115142,0.4992248166080795,0.4617292666336149,0.520352910459192,0.605817156284398
R1P:2.4.2.1,0.9418377313407514,0.9604585473633578,0.874055033127758,0.9239252027201972,0.9418377313407514,0.9418377313407514,0.9239252027201972,0.9066813036274851,0.8586068599095315,0.9418377313407514,0.9239252027201972,0.9418377313407514,0.9418377313407514
R1P:5.4.2.7,0.9347826086956521,0.9555555555555555,0.86,0.9148936170212766,0.9347826086956521,0.9347826086956521,0.9148936170212766,0.8958333333333333,0.8431372549019608,0.9347826086956521,0.9148936170212766,0.9347826086956521,0.9347826086956521
RU5P__D:5.3.1.13,0.5121077933505713,0.8022546415333478,0.6356107092749579,0.3792497856399841,0.6181989168244346,0.6389851927702821,0.7010137043758287,0.7600372700677408,0.9280342141012454,0.8514409433115084,0.7934400856813885,0.744368781911269,0.6333807848791995
S7P:2.2.1.1,0.9775171065493646,0.9947774185525988,0.9784735812133072,0.963623223319682,0.980872976949485,0.974184120798831,0.9760858955588092,0.9935419771485345,0.9891196834817013,0.9789525208027411,0.9828009828009828,0.975609756097561,0.9828009828009828
S7P:2.2.1.2,0.7559681697612731,0.9313725490196079,0.7640750670241286,0.6536697247706422,0.7851239669421487,0.7289002557544757,0.7441253263707571,0.9163987138263665,0.8662613981762918,0.7681940700808625,0.8028169014084506,0.7402597402597402,0.8028169014084506
S7P:5.3.1.28,0.907258064516129,0.9771986970684039,0.9109311740890689,0.8563273073263559,0.9202453987730062,0.8946322067594433,0.9018036072144289,0.9719222462203023,0.9533898305084746,0.9127789046653144,0.9278350515463918,0.9,0.9278350515463918
SUCC:4.1.3.1,0.4844006568144499,0.41666666666666663,0.6666666666666667,0.4631083202511773,0.5161854768153981,0.5560791705937794,0.6051282051282051,0.5286738351254481,0.5493482309124766,0.6165099268547545,0.46057767369242775,,0.4667721518987341
SUCC:6.2.1.5,0.28473804100227795,0.23234200743494438,0.45871559633027514,0.2676659528907923,0.31133250311332505,0.346740638002774,0.39370078740157477,0.3221649484536082,0.34059945504087197,0.40518638573743915,0.26567481402763016,,0.27056277056277056
XU5P__D:2.2.1.1,0.5031446540880502,0.8205128205128205,0.642570281124498,0.345572354211663,0.625,0.6530612244897959,0.7142857142857142,0.8040201005025125,0.9467455621301775,0.851063829787234,0.7729468599033816,0.7407407407407407,0.586080586080586
