,bigg.metabolite,kegg.compound
0,10fthf_c,C00234
1,12dgr120_c,C00641
2,12dgr140_c,C00641
3,12dgr141_c,C00641
4,12dgr160_c,C00641
5,12dgr161_c,C00641
6,12dgr180_c,C00641
7,12dgr181_c,C00641
8,12ppd__R_c,C02912
9,12ppd__S_c,C02917
10,13dpg_c,C00236
11,15dap_c,C01672
12,1ddecg3p_c,C00681
13,1hdecg3p_c,C00681
14,1odecg3p_c,C00681
15,1pyr5c_c,C03912
16,1tdec7eg3p_c,C00681
17,1tdecg3p_c,C00681
18,23dappa_c,C03401
19,23dappa_c,C06393
20,23ddhb_c,C04171
21,23dhb_c,C00196
22,23dhba_c,C04030
23,23dhbzs_c,C04204
24,23dhdp_c,C03340
25,23dhmb_c,C04039
26,23dhmb_c,C04272
27,23dhmp_c,C04104
28,23dhmp_c,C06007
29,23doguln_c,C04575
30,25aics_c,C04823
31,25dkglcn_c,C02780
32,25drapp_c,C01304
33,26dap_LL_c,C00666
34,26dap__M_c,C00680
35,2agpe120_c,C05973
36,2agpe140_c,C05973
37,2agpe141_c,C05973
38,2agpe160_c,C05973
39,2agpe161_c,C05973
40,2agpe180_c,C05973
41,2agpe181_c,C05973
42,2ahbut_c,C00659
43,2ahbut_c,C06006
44,2amsa_c,C11822
45,2aobut_c,C03214
46,2aobut_c,C03508
47,2cpr5p_c,C01302
48,2dda7p_c,C04691
49,2ddecg3p_c,C03974
50,2ddg6p_c,C04442
51,2ddglcn_c,C00204
52,2dh3dgal_c,C01216
53,2dh3dgal6p_c,C01286
54,2dhguln_c,C06473
55,2dhp_c,C00966
56,2dmmq8_c,C05818
57,2dr1p_c,C00672
58,2dr5p_c,C00673
59,2h3oppan_c,C01146
60,2hdec9eg3p_c,C03974
61,2hdecg3p_c,C03974
62,2ippm_c,C02631
63,2mahmp_c,C04752
64,2mcacn_c,C04225
65,2mcit_c,C02225
66,2me4p_c,C11434
67,2mecdp_c,C11453
68,2obut_c,C00109
69,2odec11eg3p_c,C03974
70,2odecg3p_c,C03974
71,2ohph_c,C05811
72,2omph_c,C05812
73,2oph_c,C05810
74,2p4c2me_c,C11436
75,2pg_c,C00631
76,2pglyc_c,C00988
77,2shchc_c,C05817
78,2tdec7eg3p_c,C03974
79,2tdecg3p_c,C03974
80,2tpr3dpcoa_c,C19771
81,34hpp_c,C01179
82,34hpp_c,C05350
83,35cgmp_c,C00942
84,3c2hmp_c,C04411
85,3c3hmp_c,C02504
86,3c4mop_c,C04236
87,3dhguln_c,C00618
88,3dhgulnp_c,C14899
89,3dhq_c,C00944
90,3dhsk_c,C02637
91,3dhsk_c,C02652
92,3haACP_c,C01271
93,3hadpcoa_c,C14145
94,3hbcoa_c,C01144
95,3hcinnm_c,C12621
96,3hdcoa_c,C05264
97,3hddcoa_c,C05262
98,3hddecACP_c,C05757
99,3hdecACP_c,C04619
100,3hhcoa_c,C05268
101,3hhdcoa_c,C05258
102,3hhexACP_c,C05747
103,3hmrsACP_c,C04688
104,3hocoa_c,C05266
105,3hoctACP_c,C04620
106,3hoctaACP_c,C16220
107,3hodcoa_c,C16217
108,3hpalmACP_c,C04633
109,3hpp_c,C01013
110,3hpppn_c,C11457
111,3htdcoa_c,C05260
112,3ig3p_c,C03506
113,3mob_c,C00141
114,3mop_c,C00671
115,3mop_c,C03465
116,3mop_c,C06008
117,3odcoa_c,C05265
118,3oddcoa_c,C05263
119,3oddecACP_c,C05756
120,3odecACP_c,C05753
121,3ohcoa_c,C05269
122,3ohdcoa_c,C05259
123,3ohexACP_c,C05746
124,3omrsACP_c,C05759
125,3oocoa_c,C05267
126,3ooctACP_c,C05750
127,3oodcoa_c,C16216
128,3opalmACP_c,C05762
129,3ophb_c,C05809
130,3otdcoa_c,C05261
131,3pg_c,C00197
132,3pg_c,C00597
133,3php_c,C03232
134,3psme_c,C01269
135,3sala_c,C00606
136,4abut_c,C00334
137,4abutn_c,C00555
138,4abz_c,C00568
139,4adcho_c,C11355
140,4ahmmp_c,C01279
141,4ampm_c,C04556
142,4c2me_c,C11435
143,4h2opntn_c,C03589
144,4hbz_c,C00156
145,4hthr_c,C06056
146,4mhetz_c,C04294
147,4mop_c,C00233
148,4mpetz_c,C04327
149,4pasp_c,C03082
150,4per_c,C03393
151,4ppan_c,C03492
152,4ppcys_c,C04352
153,4r5au_c,C04732
154,56dura_c,C00429
155,5aizc_c,C04751
156,5aop_c,C00430
157,5aprbu_c,C04454
158,5apru_c,C01268
159,5caiz_c,C15667
160,5dglcn_c,C01062
161,5dh4dglc_c,C00679
162,5fthf_c,C03479
163,5mta_c,C00170
164,5mthf_c,C00440
165,5mtr_c,C03089
166,5prdmbz_c,C04778
167,6hmhpt_c,C01300
168,6hmhptpp_c,C04807
169,6pgc_c,C00345
170,6pgl_c,C01236
171,8aonn_c,C01092
172,ACP_c,C00145
173,ACP_c,C00229
174,ACP_c,C00812
175,ACP_c,C01336
176,ACP_c,C04298
177,ACP_c,C16736
178,N1aspmd_c,C00612
179,Nmtrp_c,C02983
180,Sfglutth_c,C01031
181,aacald_c,C06735
182,aacoa_c,C00332
183,aact_c,C01888
184,ac_c,C00033
185,acACP_c,C03939
186,acACP_c,C04334
187,acac_c,C00164
188,acald_c,C00084
189,acanth_c,C06332
190,accoa_c,C00024
191,acetol_c,C05235
192,acg5p_c,C04133
193,acg5sa_c,C01250
194,acgam_c,C00140
195,acgam1p_c,C04256
196,acgam6p_c,C00357
197,acglu_c,C00624
198,acmalt_c,C02130
199,acmana_c,C00645
200,acmanap_c,C04257
201,acmum6p_c,C16698
202,acmum6p_c,C19770
203,acnam_c,C00270
204,acon_C_c,C00417
205,acon_T_c,C02341
206,aconm_c,C11514
207,acorn_c,C00437
208,acser_c,C00979
209,actACP_c,C05744
210,actp_c,C00227
211,ade_c,C00147
212,adn_c,C00212
213,adn_c,C07195
214,adocbi_c,C06508
215,adocbip_c,C06509
216,adocbl_c,C00194
217,adp_c,C00008
218,adpglc_c,C00498
219,adphep_DD_c,C06397
220,adphep_LD_c,C06398
221,adprib_c,C00301
222,ag_c,C06710
223,agdpcbi_c,C06510
224,agm_c,C00179
225,ahcys_c,C00021
226,ahdt_c,C04895
227,aicar_c,C04677
228,air_c,C03373
229,akg_c,C00026
230,ala_B_c,C00099
231,ala__D_c,C00133
232,ala__L_c,C00041
233,alaala_c,C00993
234,alac__S_c,C06010
235,alatrna_c,C00886
236,all__D_c,C01487
237,all6p_c,C02962
238,alltn_c,C01551
239,alltn_c,C02348
240,alltn_c,C02350
241,alltt_c,C00499
242,allul6p_c,C18096
243,altrn_c,C00817
244,amet_c,C00019
245,ametam_c,C01137
246,amob_c,C04425
247,amp_c,C00020
248,anhm_c,C19769
249,anth_c,C00108
250,ap4a_c,C01260
251,ap5a_c,C04058
252,apoACP_c,C03688
253,appl_c,C03194
254,aps_c,C00224
255,ara5p_c,C01112
256,arab__L_c,C00259
257,arbt6p_c,C06187
258,arg__L_c,C00062
259,argsuc_c,C03406
260,argtrna_c,C02163
261,ascb6p_c,C16186
262,asn__L_c,C00152
263,asntrna_c,C03402
264,aso3_c,C06697
265,aso4_c,C01478
266,aso4_c,C11215
267,asp__L_c,C00049
268,aspsa_c,C00441
269,asptrna_c,C02984
270,asptrna_c,C06113
271,athr__L_c,C05519
272,atp_c,C00002
273,b2coa_c,C00877
274,betald_c,C00576
275,btal_c,C01412
276,btcoa_c,C00136
277,btn_c,C00120
278,btnso_c,C20386
279,but_c,C00246
280,but2eACP_c,C04246
281,butACP_c,C05745
282,ca2_c,C00076
283,ca2_c,C08130
284,ca2_c,C12277
285,ca2_c,C13140
286,ca2_c,C13189
287,ca2_c,C18381
288,camp_c,C00575
289,cbasp_c,C00438
290,cbi_c,C05774
291,cbl1_c,C00853
292,cbp_c,C00169
293,cd2_c,C01413
294,cdp_c,C00112
295,cdpdddecg_c,C00269
296,cdpdhdec9eg_c,C00269
297,cdpdhdecg_c,C00269
298,cdpdodec11eg_c,C00269
299,cdpdodecg_c,C00269
300,cdpdtdec7eg_c,C00269
301,cdpdtdecg_c,C00269
302,cechddd_c,C11588
303,cenchddd_c,C12622
304,cgly_c,C01419
305,chol_c,C00114
306,chor_c,C00251
307,cinnm_c,C00423
308,cinnm_c,C10438
309,cit_c,C00158
310,cit_c,C12649
311,cit_c,C13660
312,citr__L_c,C00327
313,ckdo_c,C04121
314,cl_c,C00115
315,cl_c,C00698
316,cl_c,C01327
317,cmp_c,C00055
318,co2_c,C00011
319,coa_c,C00010
320,cobalt2_c,C00175
321,cpppg3_c,C03263
322,crn_c,C00318
323,crn_c,C00487
324,crn__D_c,C00487
325,csn_c,C00380
326,ctbt_c,C04114
327,ctp_c,C00063
328,cu2_c,C00070
329,cyan_c,C00177
330,cyan_c,C01326
331,cynt_c,C01417
332,cys__D_c,C00793
333,cys__L_c,C00097
334,cystrna_c,C03125
335,cytd_c,C00475
336,dad_2_c,C00559
337,dad_5_c,C05198
338,dadp_c,C00206
339,damp_c,C00360
340,dann_c,C01037
341,datp_c,C00131
342,db4p_c,C15556
343,dc2coa_c,C05275
344,dca_c,C01571
345,dcaACP_c,C05755
346,dcacoa_c,C05274
347,dcamp_c,C03794
348,dcdp_c,C00705
349,dcmp_c,C00239
350,dctp_c,C00458
351,dcyt_c,C00881
352,dd2coa_c,C03221
353,ddca_c,C02679
354,ddcaACP_c,C05223
355,ddcacoa_c,C01832
356,dgdp_c,C00361
357,dgmp_c,C00362
358,dgsn_c,C00330
359,dgtp_c,C00286
360,dha_c,C00184
361,dhap_c,C00111
362,dhcinnm_c,C12623
363,dhf_c,C00415
364,dhna_c,C03657
365,dhnpt_c,C04874
366,dhor__S_c,C00337
367,dhpmp_c,C05925
368,dhpppn_c,C04044
369,dhpt_c,C00921
370,dhptd_c,C11838
371,didp_c,C01344
372,dimp_c,C06196
373,din_c,C05512
374,ditp_c,C01345
375,dmbzid_c,C03114
376,dmlz_c,C04332
377,dmpp_c,C00235
378,dms_c,C00580
379,dmso_c,C11143
380,dnad_c,C00857
381,dpcoa_c,C00882
382,dscl_c,C02463
383,dtbt_c,C01909
384,dtdp_c,C00363
385,dtdp4aaddg_c,C06018
386,dtdp4aaddg_c,C20415
387,dtdp4addg_c,C04268
388,dtdp4d6dg_c,C00687
389,dtdp4d6dg_c,C11907
390,dtdp4d6dm_c,C00688
391,dtdpglu_c,C00842
392,dtdprmn_c,C03187
393,dtdprmn_c,C03319
394,dtdprmn_c,C07277
395,dtdprmn_c,C11912
396,dtmp_c,C00364
397,dttp_c,C00459
398,dudp_c,C01346
399,dump_c,C00365
400,duri_c,C00526
401,dutp_c,C00460
402,dxyl_c,C06257
403,dxyl5p_c,C11437
404,e4p_c,C00279
405,e4p_c,C03109
406,eig3p_c,C04666
407,enter_c,C05821
408,enter_c,C06230
409,etha_c,C00189
410,etoh_c,C00469
411,f1p_c,C01094
412,f1p_c,C02976
413,f6p_c,C00085
414,f6p_c,C05345
415,fad_c,C00016
416,fadh2_c,C01352
417,fald_c,C00067
418,fc1p_c,C01099
419,fdp_c,C00354
420,fdp_c,C05378
421,fe2_c,C00023
422,fe2_c,C14818
423,fe3_c,C14819
424,fe3hox_c,C06227
425,fecrm_c,C06228
426,feenter_c,C06230
427,feoxam_c,C07597
428,fgam_c,C04376
429,fmettrna_c,C03294
430,fmn_c,C00061
431,fmnh2_c,C01847
432,for_c,C00058
433,forcoa_c,C00798
434,fpram_c,C04640
435,fprica_c,C04734
436,frdp_c,C00448
437,fru_c,C00095
438,fru_c,C02336
439,frulys_c,C16488
440,frulysp_c,C16489
441,fruur_c,C00905
442,fuc__L_c,C01019
443,fum_c,C00122
444,g1p_c,C00103
445,g3p_c,C00118
446,g3p_c,C00661
447,g3pc_c,C00670
448,g3pe_c,C00350
449,g3pe_c,C01233
450,g3pg_c,C03274
451,g3pi_c,C01225
452,g6p_c,C00092
453,g6p_c,C01172
454,gal_c,C00124
455,gal1p_c,C00446
456,gal1p_c,C03384
457,galct__D_c,C00879
458,galctn__D_c,C00880
459,galt1p_c,C06311
460,galur_c,C00333
461,galur_c,C08348
462,gam1p_c,C06156
463,gam6p_c,C00352
464,gar_c,C03838
465,gbbtn_c,C01181
466,gcald_c,C00266
467,gdp_c,C00035
468,gdpddman_c,C01222
469,gdpfuc_c,C00325
470,gdpmann_c,C00096
471,gdptp_c,C04494
472,gg4abut_c,C15767
473,ggbutal_c,C15700
474,ggptrc_c,C15699
475,glc__D_c,C00031
476,glcn_c,C00257
477,glcr_c,C00818
478,glcur_c,C00191
479,gln__L_c,C00064
480,glntrna_c,C02282
481,glu__D_c,C00217
482,glu__L_c,C00025
483,glu1sa_c,C03741
484,glu5p_c,C03287
485,glu5sa_c,C01165
486,glucys_c,C00669
487,glutrna_c,C02987
488,glutrna_c,C06112
489,glx_c,C00048
490,gly_c,C00037
491,glyald_c,C00577
492,glyb_c,C00719
493,glyc_c,C00116
494,glyc__R_c,C00258
495,glyc2p_c,C02979
496,glyc3p_c,C00093
497,glyc3p_c,C00344
498,glyclt_c,C00160
499,glycogen_c,C00182
500,glytrna_c,C02412
501,gmhep17bp_c,C11472
502,gmhep1p_c,C07838
503,gmhep7p_c,C07836
504,gmp_c,C00144
505,gp4g_c,C01261
506,grdp_c,C00341
507,gsn_c,C00387
508,gthox_c,C00127
509,gthrd_c,C00051
510,gtp_c,C00044
511,gtspmd_c,C05730
512,gua_c,C00242
513,h_c,C00080
514,h2_c,C00282
515,h2mb4p_c,C11811
516,h2o_c,C00001
517,h2o_c,C01328
518,h2o_c,C18712
519,h2o_c,C18714
520,h2o2_c,C00027
521,h2o2_c,C17732
522,h2o2_c,C18566
523,h2s_c,C00283
524,h2s_c,C00297
525,h2s_c,C20391
526,hco3_c,C00288
527,hcys__L_c,C00155
528,hdca_c,C00249
529,hdcea_c,C08362
530,hdcoa_c,C05272
531,hdd2coa_c,C05272
532,hemeO_c,C15672
533,hexACP_c,C05749
534,hg2_c,C00703
535,hg2_c,C13377
536,hg2_c,C18670
537,his__L_c,C00135
538,hisp_c,C01100
539,histd_c,C00860
540,histrna_c,C02988
541,hkndd_c,C04479
542,hkntd_c,C12624
543,hmbil_c,C01024
544,hmgth_c,C14180
545,hom__L_c,C00263
546,hpyr_c,C00168
547,hqn_c,C00530
548,hx2coa_c,C05271
549,hxa_c,C01585
550,hxan_c,C00262
551,hxcoa_c,C05270
552,iasp_c,C05840
553,ichor_c,C00885
554,icit_c,C00311
555,idon__L_c,C00770
556,idp_c,C00104
557,ile__L_c,C00407
558,iletrna_c,C03127
559,imacp_c,C01267
560,imp_c,C00130
561,indole_c,C00463
562,inost_c,C00137
563,inost_c,C06151
564,ins_c,C00294
565,ipdp_c,C00129
566,isetac_c,C05123
567,itp_c,C00081
568,k_c,C00238
569,k_c,C08219
570,k_c,C12568
571,kdo_c,C01187
572,kdo2lipid4_c,C06025
573,kdo2lipid4L_c,C06251
574,kdo8p_c,C04478
575,kdolipid4_c,C06024
576,lac__D_c,C00256
577,lac__L_c,C00186
578,lald__D_c,C00937
579,lald__L_c,C00424
580,lcts_c,C00243
581,leu__L_c,C00123
582,leutrna_c,C02047
583,lgt__S_c,C03451
584,lipa_c,C06026
585,lipidA_c,C04919
586,lipidAds_c,C04932
587,lipidX_c,C04824
588,lipoate_c,C00725
589,lipoate_c,C16241
590,lys__L_c,C00047
591,lystrna_c,C01931
592,lyx__L_c,C01508
593,mal__D_c,C00497
594,mal__L_c,C00149
595,malACP_c,C01209
596,malcoa_c,C00083
597,malt_c,C00208
598,malt6p_c,C02995
599,malthx_c,C01936
600,malttr_c,C01835
601,malttr_c,C06219
602,maltttr_c,C02052
603,man_c,C00159
604,man1p_c,C00636
605,man1p_c,C03812
606,man6p_c,C00275
607,man6pglyc_c,C16699
608,mana_c,C00514
609,melib_c,C05402
610,meoh_c,C00132
611,mercppyr_c,C00957
612,met__D_c,C00855
613,met__L_c,C00073
614,methf_c,C00445
615,metsox_R__L_c,C15998
616,metsox_S__L_c,C02989
617,mettrna_c,C02430
618,mg2_c,C00305
619,mg2_c,C07755
620,mg2_c,C07876
621,mg2_c,C12567
622,mi1p__D_c,C01177
623,micit_c,C04593
624,mlthf_c,C00143
625,mmcoa__S_c,C00683
626,mmet_c,C03172
627,mmet_c,C04078
628,mn2_c,C00034
629,mnl1p_c,C00644
630,mnl1p_c,C02810
631,mobd_c,C06232
632,mql8_c,C05819
633,mqn8_c,C00828
634,msa_c,C00222
635,msa_c,C12069
636,mso3_c,C11145
637,mthgxl_c,C00546
638,myrsACP_c,C05761
639,n2o_c,C00887
640,n8aspmd_c,C01029
641,na1_c,C01330
642,na1_c,C08142
643,na1_c,C14042
644,nac_c,C00253
645,nad_c,C00003
646,nadh_c,C00004
647,nadp_c,C00006
648,nadph_c,C00005
649,ncam_c,C00153
650,nh4_c,C00014
651,nh4_c,C01342
652,nh4_c,C01358
653,ni2_c,C00291
654,nicrnt_c,C01185
655,nmn_c,C00455
656,no_c,C00533
657,no2_c,C00088
658,no3_c,C00244
659,o2_c,C00007
660,o2s_c,C00704
661,oaa_c,C00036
662,oaa_c,C03981
663,oc2coa_c,C05276
664,ocACP_c,C05752
665,occoa_c,C01944
666,ocdca_c,C01530
667,ocdcaACP_c,C04088
668,ocdcea_c,C00638
669,ocdcea_c,C00712
670,ocdcea_c,C01712
671,octa_c,C06423
672,octdp_c,C04146
673,octeACP_c,C01203
674,od2coa_c,C16218
675,odecoa_c,C00510
676,ohpb_c,C06054
677,op4en_c,C00596
678,orn_c,C01602
679,orot_c,C00295
680,orot5p_c,C01103
681,oxa_c,C00209
682,oxadpcoa_c,C02232
683,oxalcoa_c,C00313
684,oxam_c,C01444
685,oxur_c,C00802
686,pa120_c,C00416
687,pa140_c,C00416
688,pa141_c,C00416
689,pa160_c,C00416
690,pa161_c,C00416
691,pa180_c,C00416
692,pa181_c,C00416
693,pac_c,C07086
694,pacald_c,C00601
695,palmACP_c,C05764
696,pan4p_c,C01134
697,pant__R_c,C00522
698,pap_c,C00054
699,paps_c,C00053
700,pdx5p_c,C00627
701,pe120_c,C00350
702,pe140_c,C00350
703,pe141_c,C00350
704,pe160_c,C00350
705,pe161_c,C00350
706,pe180_c,C00350
707,pe181_c,C00350
708,pep_c,C00074
709,pg120_c,C00344
710,pg140_c,C00344
711,pg141_c,C00344
712,pg160_c,C00344
713,pg161_c,C00344
714,pg180_c,C00344
715,pg181_c,C00344
716,pgp120_c,C03892
717,pgp140_c,C03892
718,pgp141_c,C03892
719,pgp160_c,C03892
720,pgp161_c,C03892
721,pgp180_c,C03892
722,pgp181_c,C03892
723,phaccoa_c,C00582
724,phe__L_c,C00079
725,pheme_c,C00032
726,phetrna_c,C03511
727,phom_c,C01102
728,phom_c,C05702
729,phpyr_c,C00166
730,phpyr_c,C02763
731,phthr_c,C06055
732,pi_c,C00009
733,pi_c,C13556
734,pi_c,C13558
735,pmtcoa_c,C00154
736,pnto__R_c,C00864
737,ppa_c,C00163
738,ppal_c,C00479
739,ppap_c,C02876
740,ppbng_c,C00931
741,ppcoa_c,C00100
742,ppgpp_c,C01228
743,pphn_c,C00254
744,ppi_c,C00013
745,ppp9_c,C02191
746,pppg9_c,C01079
747,pppi_c,C00536
748,pppi_c,C03279
749,pppn_c,C05629
750,pram_c,C03090
751,pran_c,C04302
752,prbamp_c,C02741
753,prbatp_c,C02739
754,prfp_c,C04896
755,prlp_c,C04916
756,pro__L_c,C00148
757,protrna_c,C02702
758,prpp_c,C00119
759,ps120_c,C02737
760,ps140_c,C02737
761,ps141_c,C02737
762,ps160_c,C02737
763,ps161_c,C02737
764,ps180_c,C02737
765,ps181_c,C02737
766,pser__L_c,C01005
767,ptrc_c,C00134
768,pyam5p_c,C00647
769,pydam_c,C00534
770,pydx_c,C00250
771,pydx5p_c,C00018
772,pydxn_c,C00314
773,pyr_c,C00022
774,q8_c,C00399
775,q8_c,C17569
776,q8h2_c,C00390
777,quln_c,C03722
778,r15bp_c,C01151
779,r1p_c,C00442
780,r1p_c,C00620
781,r5p_c,C00117
782,r5p_c,C03736
783,rbflvrd_c,C01007
784,rbl__L_c,C00508
785,rdmbzi_c,C05775
786,rhcys_c,C03539
787,rib__D_c,C00121
788,ribflv_c,C00255
789,rml_c,C00861
790,rml1p_c,C01131
791,rmn_c,C00507
792,ru5p__D_c,C00199
793,ru5p__L_c,C01101
794,s17bp_c,C00447
795,s7p_c,C00281
796,s7p_c,C05382
797,sarcs_c,C00213
798,sbt6p_c,C01096
799,sbzcoa_c,C03160
800,scl_c,C05778
801,sectrna_c,C05173
802,sectrna_c,C06482
803,sel_c,C05697
804,seln_c,C01528
805,selnp_c,C05172
806,ser__D_c,C00740
807,ser__L_c,C00065
808,seramp_c,C05820
809,sertrna_c,C02553
810,sheme_c,C00748
811,skm_c,C00493
812,skm5p_c,C03175
813,sl26da_c,C04421
814,sl2a6o_c,C04462
815,sl2a6o_c,C05537
816,so2_c,C09306
817,so3_c,C00094
818,so3_c,C11481
819,so3_c,C20393
820,so4_c,C00059
821,so4_c,C13192
822,so4_c,C13194
823,so4_c,C13199
824,so4_c,C17383
825,so4_c,C18713
826,so4_c,C20392
827,spmd_c,C00315
828,stcoa_c,C00412
829,suc6p_c,C02591
830,sucarg_c,C03296
831,sucbz_c,C02730
832,succ_c,C00042
833,succoa_c,C00091
834,sucglu_c,C05931
835,sucgsa_c,C05932
836,suchms_c,C01118
837,sucorn_c,C03415
838,sucsal_c,C00232
839,sulfac_c,C14179
840,tag6p__D_c,C01097
841,tagdp__D_c,C03785
842,tagur_c,C00558
843,tartr__L_c,C00898
844,taur_c,C00245
845,tcynt_c,C01755
846,td2coa_c,C05273
847,tdcoa_c,C02593
848,tddec2eACP_c,C05758
849,tdec2eACP_c,C05754
850,tdecoa_c,C06737
851,thdp_c,C03972
852,thex2eACP_c,C05748
853,thf_c,C00101
854,thm_c,C00378
855,thmmp_c,C01081
856,thmpp_c,C00068
857,thr__L_c,C00188
858,thrtrna_c,C02992
859,thym_c,C00178
860,thymd_c,C00214
861,tma_c,C00565
862,tmao_c,C01104
863,tmrs2eACP_c,C05760
864,toct2eACP_c,C05751
865,toctd2eACP_c,C16221
866,tpalm2eACP_c,C05763
867,trdox_c,C00343
868,trdrd_c,C00342
869,tre_c,C01083
870,tre6p_c,C00689
871,trnaala_c,C01635
872,trnaarg_c,C01636
873,trnaasn_c,C01637
874,trnaasp_c,C01638
875,trnacys_c,C01639
876,trnagln_c,C01640
877,trnaglu_c,C01641
878,trnagly_c,C01642
879,trnahis_c,C01643
880,trnaile_c,C01644
881,trnaleu_c,C01645
882,trnalys_c,C00066
883,trnalys_c,C00419
884,trnalys_c,C01646
885,trnamet_c,C01647
886,trnaphe_c,C01648
887,trnapro_c,C01649
888,trnaser_c,C01650
889,trnathr_c,C01651
890,trnatrp_c,C01652
891,trnatyr_c,C00787
892,trnaval_c,C01653
893,trp__L_c,C00078
894,trptrna_c,C03512
895,tsul_c,C00320
896,tsul_c,C05529
897,ttdca_c,C06424
898,tyr__L_c,C00082
899,tyrtrna_c,C02839
900,u23ga_c,C04652
901,u3aga_c,C04738
902,u3hga_c,C06022
903,uaagmda_c,C05898
904,uaccg_c,C04631
905,uacgam_c,C00043
906,uacmam_c,C01170
907,uacmamu_c,C06240
908,uagmda_c,C05897
909,uama_c,C01212
910,uamag_c,C00692
911,uamr_c,C01050
912,udcpdp_c,C03543
913,udcpdp_c,C04574
914,udcpp_c,C00348
915,udp_c,C00015
916,udpLa4fn_c,C16154
917,udpLa4n_c,C16153
918,udpLa4o_c,C16155
919,udpg_c,C00029
920,udpgal_c,C00052
921,udpgalfur_c,C03733
922,udpglcur_c,C00167
923,ugmd_c,C04877
924,ugmda_c,C04882
925,um4p_c,C04804
926,ump_c,C00105
927,unaga_c,C01289
928,uppg3_c,C01051
929,ura_c,C00106
930,urate_c,C00366
931,urdglyc_c,C00603
932,urdglyc_c,C02766
933,urea_c,C00086
934,uri_c,C00299
935,uri_c,C16745
936,utp_c,C00075
937,val__L_c,C00183
938,valtrna_c,C02554
939,xan_c,C00385
940,xdp_c,C01337
941,xmp_c,C00655
942,xtp_c,C00700
943,xtsn_c,C01762
944,xu5p__D_c,C00231
945,xu5p__L_c,C03291
946,xyl__D_c,C00181
947,xylu__D_c,C00310
948,xylu__L_c,C00312
949,zn2_c,C00038
950,zn2_c,C12570
951,12ppd__R_e,C02912
952,12ppd__S_e,C02917
953,15dap_e,C01672
954,23camp_e,C02353
955,23ccmp_e,C02354
956,23cgmp_e,C06194
957,23cump_e,C02355
958,23dappa_e,C03401
959,23dappa_e,C06393
960,26dap__M_e,C00680
961,2ddglcn_e,C00204
962,34dhpac_e,C04043
963,3amp_e,C01367
964,3cmp_e,C05822
965,3gmp_e,C06193
966,3hcinnm_e,C12621
967,3hpp_e,C01013
968,3hpppn_e,C11457
969,3ump_e,C01368
970,4abut_e,C00334
971,4hoxpacd_e,C03765
972,5dglcn_e,C01062
973,5mtr_e,C03089
974,ac_e,C00033
975,acac_e,C00164
976,acald_e,C00084
977,acgal_e,C01132
978,acgal1p_e,C18060
979,acgam_e,C00140
980,acgam1p_e,C04256
981,acmana_e,C00645
982,acmum_e,C02713
983,acnam_e,C00270
984,acser_e,C00979
985,ade_e,C00147
986,adn_e,C00212
987,adn_e,C07195
988,adocbl_e,C00194
989,ag_e,C06710
990,agm_e,C00179
991,akg_e,C00026
992,ala_B_e,C00099
993,ala__D_e,C00133
994,ala__L_e,C00041
995,alaala_e,C00993
996,all__D_e,C01487
997,alltn_e,C01551
998,alltn_e,C02348
999,alltn_e,C02350
1000,amp_e,C00020
1001,arab__L_e,C00259
1002,arg__L_e,C00062
1003,ascb__L_e,C00072
1004,asn__L_e,C00152
1005,aso3_e,C06697
1006,asp__L_e,C00049
1007,btn_e,C00120
1008,but_e,C00246
1009,ca2_e,C00076
1010,ca2_e,C08130
1011,ca2_e,C12277
1012,ca2_e,C13140
1013,ca2_e,C13189
1014,ca2_e,C18381
1015,cbi_e,C05774
1016,cbl1_e,C00853
1017,cd2_e,C01413
1018,cgly_e,C01419
1019,chol_e,C00114
1020,cit_e,C00158
1021,cit_e,C12649
1022,cit_e,C13660
1023,cl_e,C00115
1024,cl_e,C00698
1025,cl_e,C01327
1026,cmp_e,C00055
1027,co2_e,C00011
1028,cobalt2_e,C00175
1029,crn_e,C00318
1030,crn_e,C00487
1031,crn__D_e,C00487
1032,csn_e,C00380
1033,cu2_e,C00070
1034,cyan_e,C00177
1035,cyan_e,C01326
1036,cynt_e,C01417
1037,cys__D_e,C00793
1038,cys__L_e,C00097
1039,cytd_e,C00475
1040,dad_2_e,C00559
1041,damp_e,C00360
1042,dca_e,C01571
1043,dcmp_e,C00239
1044,dcyt_e,C00881
1045,ddca_e,C02679
1046,dgmp_e,C00362
1047,dgsn_e,C00330
1048,dha_e,C00184
1049,dimp_e,C06196
1050,din_e,C05512
1051,dms_e,C00580
1052,dmso_e,C11143
1053,dopa_e,C03758
1054,dtmp_e,C00364
1055,dump_e,C00365
1056,duri_e,C00526
1057,enter_e,C05821
1058,enter_e,C06230
1059,etha_e,C00189
1060,etoh_e,C00469
1061,f6p_e,C00085
1062,f6p_e,C05345
1063,fald_e,C00067
1064,fe2_e,C00023
1065,fe2_e,C14818
1066,fe3_e,C14819
1067,fe3dcit_e,C06229
1068,fe3hox_e,C06227
1069,fecrm_e,C06228
1070,feenter_e,C06230
1071,feoxam_e,C07597
1072,for_e,C00058
1073,fru_e,C00095
1074,fru_e,C02336
1075,frulys_e,C16488
1076,fruur_e,C00905
1077,fuc__L_e,C01019
1078,fum_e,C00122
1079,g1p_e,C00103
1080,g3pc_e,C00670
1081,g3pe_e,C00350
1082,g3pe_e,C01233
1083,g3pg_e,C03274
1084,g3pi_e,C01225
1085,g6p_e,C00092
1086,g6p_e,C01172
1087,gal_e,C00124
1088,gal_bD_e,C01582
1089,gal1p_e,C00446
1090,gal1p_e,C03384
1091,galct__D_e,C00879
1092,galctn__D_e,C00880
1093,galt_e,C01697
1094,galur_e,C00333
1095,galur_e,C08348
1096,gam_e,C00329
1097,gam6p_e,C00352
1098,gbbtn_e,C01181
1099,gdp_e,C00035
1100,glc__D_e,C00031
1101,glcn_e,C00257
1102,glcr_e,C00818
1103,glcur_e,C00191
1104,glcur1p_e,C05385
1105,gln__L_e,C00064
1106,glu__L_e,C00025
1107,gly_e,C00037
1108,glyald_e,C00577
1109,glyb_e,C00719
1110,glyc_e,C00116
1111,glyc__R_e,C00258
1112,glyc2p_e,C02979
1113,glyc3p_e,C00093
1114,glyc3p_e,C00344
1115,glyclt_e,C00160
1116,gmp_e,C00144
1117,gsn_e,C00387
1118,gthox_e,C00127
1119,gthrd_e,C00051
1120,gtp_e,C00044
1121,gua_e,C00242
1122,h_e,C00080
1123,h2_e,C00282
1124,h2o_e,C00001
1125,h2o_e,C01328
1126,h2o_e,C18712
1127,h2o_e,C18714
1128,h2o2_e,C00027
1129,h2o2_e,C17732
1130,h2o2_e,C18566
1131,h2s_e,C00283
1132,h2s_e,C00297
1133,h2s_e,C20391
1134,hdca_e,C00249
1135,hdcea_e,C08362
1136,hg2_e,C00703
1137,hg2_e,C13377
1138,hg2_e,C18670
1139,his__L_e,C00135
1140,hom__L_e,C00263
1141,hxa_e,C01585
1142,hxan_e,C00262
1143,idon__L_e,C00770
1144,ile__L_e,C00407
1145,imp_e,C00130
1146,indole_e,C00463
1147,inost_e,C00137
1148,inost_e,C06151
1149,ins_e,C00294
1150,isetac_e,C05123
1151,k_e,C00238
1152,k_e,C08219
1153,k_e,C12568
1154,kdo2lipid4_e,C06025
1155,lac__D_e,C00256
1156,lac__L_e,C00186
1157,lcts_e,C00243
1158,leu__L_e,C00123
1159,lipa_e,C06026
1160,lipoate_e,C00725
1161,lipoate_e,C16241
1162,lys__L_e,C00047
1163,lyx__L_e,C01508
1164,mal__D_e,C00497
1165,mal__L_e,C00149
1166,malt_e,C00208
1167,malthx_e,C01936
1168,malttr_e,C01835
1169,malttr_e,C06219
1170,maltttr_e,C02052
1171,man_e,C00159
1172,man6p_e,C00275
1173,manglyc_e,C11544
1174,melib_e,C05402
1175,meoh_e,C00132
1176,met__D_e,C00855
1177,met__L_e,C00073
1178,metsox_R__L_e,C15998
1179,metsox_S__L_e,C02989
1180,mg2_e,C00305
1181,mg2_e,C07755
1182,mg2_e,C07876
1183,mg2_e,C12567
1184,minohp_e,C01204
1185,mmet_e,C03172
1186,mmet_e,C04078
1187,mn2_e,C00034
1188,mnl_e,C00392
1189,mobd_e,C06232
1190,mso3_e,C11145
1191,n2o_e,C00887
1192,na1_e,C01330
1193,na1_e,C08142
1194,na1_e,C14042
1195,nac_e,C00253
1196,nh4_e,C00014
1197,nh4_e,C01342
1198,nh4_e,C01358
1199,ni2_e,C00291
1200,nmn_e,C00455
1201,no_e,C00533
1202,no2_e,C00088
1203,no3_e,C00244
1204,o2_e,C00007
1205,o2s_e,C00704
1206,ocdca_e,C01530
1207,ocdcea_e,C00638
1208,ocdcea_e,C00712
1209,ocdcea_e,C01712
1210,octa_e,C06423
1211,orn_e,C01602
1212,orot_e,C00295
1213,pacald_e,C00601
1214,peamn_e,C05332
1215,phe__L_e,C00079
1216,pheme_e,C00032
1217,pi_e,C00009
1218,pi_e,C13556
1219,pi_e,C13558
1220,pnto__R_e,C00864
1221,ppa_e,C00163
1222,ppal_e,C00479
1223,pppn_e,C05629
1224,ppt_e,C06701
1225,pro__L_e,C00148
1226,pser__L_e,C01005
1227,ptrc_e,C00134
1228,pydam_e,C00534
1229,pydx_e,C00250
1230,pydxn_e,C00314
1231,pyr_e,C00022
1232,r5p_e,C00117
1233,r5p_e,C03736
1234,rib__D_e,C00121
1235,rmn_e,C00507
1236,sbt__D_e,C00794
1237,sel_e,C05697
1238,ser__D_e,C00740
1239,ser__L_e,C00065
1240,skm_e,C00493
1241,so2_e,C09306
1242,so3_e,C00094
1243,so3_e,C11481
1244,so3_e,C20393
1245,so4_e,C00059
1246,so4_e,C13192
1247,so4_e,C13194
1248,so4_e,C13199
1249,so4_e,C17383
1250,so4_e,C18713
1251,so4_e,C20392
1252,spmd_e,C00315
1253,succ_e,C00042
1254,sucr_e,C00089
1255,sucr_e,C11477
1256,sulfac_e,C14179
1257,tartr__L_e,C00898
1258,taur_e,C00245
1259,tcynt_e,C01755
1260,thm_e,C00378
1261,thr__L_e,C00188
1262,thrp_e,C12147
1263,thym_e,C00178
1264,thymd_e,C00214
1265,tma_e,C00565
1266,tmao_e,C01104
1267,tre_e,C01083
1268,trp__L_e,C00078
1269,tsul_e,C00320
1270,tsul_e,C05529
1271,ttdca_e,C06424
1272,tym_e,C00483
1273,tyr__L_e,C00082
1274,tyrp_e,C06501
1275,uacgam_e,C00043
1276,udpacgal_e,C00203
1277,udpg_e,C00029
1278,udpgal_e,C00052
1279,udpglcur_e,C00167
1280,ump_e,C00105
1281,ura_e,C00106
1282,urea_e,C00086
1283,uri_e,C00299
1284,uri_e,C16745
1285,val__L_e,C00183
1286,xan_e,C00385
1287,xmp_e,C00655
1288,xtsn_e,C01762
1289,xyl__D_e,C00181
1290,xylu__L_e,C00312
1291,zn2_e,C00038
1292,zn2_e,C12570
1293,12dgr120_p,C00641
1294,12dgr140_p,C00641
1295,12dgr141_p,C00641
1296,12dgr160_p,C00641
1297,12dgr161_p,C00641
1298,12dgr180_p,C00641
1299,12dgr181_p,C00641
1300,12ppd__R_p,C02912
1301,12ppd__S_p,C02917
1302,15dap_p,C01672
1303,1agpe120_p,C04438
1304,1agpe140_p,C04438
1305,1agpe141_p,C04438
1306,1agpe160_p,C04438
1307,1agpe161_p,C04438
1308,1agpe180_p,C04438
1309,1agpe181_p,C04438
1310,1ddecg3p_p,C00681
1311,1hdecg3p_p,C00681
1312,1odecg3p_p,C00681
1313,1tdec7eg3p_p,C00681
1314,1tdecg3p_p,C00681
1315,23camp_p,C02353
1316,23ccmp_p,C02354
1317,23cgmp_p,C06194
1318,23cump_p,C02355
1319,23dappa_p,C03401
1320,23dappa_p,C06393
1321,26dap__M_p,C00680
1322,2agpe120_p,C05973
1323,2agpe140_p,C05973
1324,2agpe141_p,C05973
1325,2agpe160_p,C05973
1326,2agpe161_p,C05973
1327,2agpe180_p,C05973
1328,2agpe181_p,C05973
1329,2ddecg3p_p,C03974
1330,2ddglcn_p,C00204
1331,2hdec9eg3p_p,C03974
1332,2hdecg3p_p,C03974
1333,2odec11eg3p_p,C03974
1334,2odecg3p_p,C03974
1335,2tdec7eg3p_p,C03974
1336,2tdecg3p_p,C03974
1337,34dhpac_p,C04043
1338,3amp_p,C01367
1339,3cmp_p,C05822
1340,3gmp_p,C06193
1341,3hcinnm_p,C12621
1342,3hpp_p,C01013
1343,3hpppn_p,C11457
1344,3ump_p,C01368
1345,4abut_p,C00334
1346,4hoxpacd_p,C03765
1347,5dglcn_p,C01062
1348,5mtr_p,C03089
1349,ac_p,C00033
1350,acac_p,C00164
1351,acald_p,C00084
1352,acgal_p,C01132
1353,acgal1p_p,C18060
1354,acgam_p,C00140
1355,acgam1p_p,C04256
1356,acmana_p,C00645
1357,acmum_p,C02713
1358,acnam_p,C00270
1359,acser_p,C00979
1360,ade_p,C00147
1361,adn_p,C00212
1362,adn_p,C07195
1363,adocbl_p,C00194
1364,agm_p,C00179
1365,akg_p,C00026
1366,ala_B_p,C00099
1367,ala__D_p,C00133
1368,ala__L_p,C00041
1369,alaala_p,C00993
1370,all__D_p,C01487
1371,alltn_p,C01551
1372,alltn_p,C02348
1373,alltn_p,C02350
1374,alpp_p,C01834
1375,amp_p,C00020
1376,arab__L_p,C00259
1377,arg__L_p,C00062
1378,ascb__L_p,C00072
1379,asn__L_p,C00152
1380,aso3_p,C06697
1381,asp__L_p,C00049
1382,btn_p,C00120
1383,but_p,C00246
1384,ca2_p,C00076
1385,ca2_p,C08130
1386,ca2_p,C12277
1387,ca2_p,C13140
1388,ca2_p,C13189
1389,ca2_p,C18381
1390,cbi_p,C05774
1391,cbl1_p,C00853
1392,cd2_p,C01413
1393,cgly_p,C01419
1394,chol_p,C00114
1395,cit_p,C00158
1396,cit_p,C12649
1397,cit_p,C13660
1398,cl_p,C00115
1399,cl_p,C00698
1400,cl_p,C01327
1401,clpn120_p,C05980
1402,clpn140_p,C05980
1403,clpn141_p,C05980
1404,clpn160_p,C05980
1405,clpn161_p,C05980
1406,clpn180_p,C05980
1407,clpn181_p,C05980
1408,cmp_p,C00055
1409,co2_p,C00011
1410,cobalt2_p,C00175
1411,crn_p,C00318
1412,crn_p,C00487
1413,crn__D_p,C00487
1414,csn_p,C00380
1415,ctbt_p,C04114
1416,cu2_p,C00070
1417,cyan_p,C00177
1418,cyan_p,C01326
1419,cynt_p,C01417
1420,cys__D_p,C00793
1421,cys__L_p,C00097
1422,cytd_p,C00475
1423,dad_2_p,C00559
1424,damp_p,C00360
1425,dca_p,C01571
1426,dcmp_p,C00239
1427,dcyt_p,C00881
1428,ddca_p,C02679
1429,dgmp_p,C00362
1430,dgsn_p,C00330
1431,dha_p,C00184
1432,dimp_p,C06196
1433,din_p,C05512
1434,dms_p,C00580
1435,dmso_p,C11143
1436,dopa_p,C03758
1437,dtmp_p,C00364
1438,dump_p,C00365
1439,duri_p,C00526
1440,enter_p,C05821
1441,enter_p,C06230
1442,etha_p,C00189
1443,etoh_p,C00469
1444,f6p_p,C00085
1445,f6p_p,C05345
1446,fald_p,C00067
1447,fe2_p,C00023
1448,fe2_p,C14818
1449,fe3_p,C14819
1450,fe3dcit_p,C06229
1451,fe3hox_p,C06227
1452,fecrm_p,C06228
1453,feenter_p,C06230
1454,feoxam_p,C07597
1455,for_p,C00058
1456,fru_p,C00095
1457,fru_p,C02336
1458,frulys_p,C16488
1459,fruur_p,C00905
1460,fuc__L_p,C01019
1461,fum_p,C00122
1462,g1p_p,C00103
1463,g3pc_p,C00670
1464,g3pe_p,C00350
1465,g3pe_p,C01233
1466,g3pg_p,C03274
1467,g3pi_p,C01225
1468,g6p_p,C00092
1469,g6p_p,C01172
1470,gal_p,C00124
1471,gal_bD_p,C01582
1472,gal1p_p,C00446
1473,gal1p_p,C03384
1474,galct__D_p,C00879
1475,galctn__D_p,C00880
1476,galt_p,C01697
1477,galur_p,C00333
1478,galur_p,C08348
1479,gam_p,C00329
1480,gam6p_p,C00352
1481,gbbtn_p,C01181
1482,gdp_p,C00035
1483,glc__D_p,C00031
1484,glcn_p,C00257
1485,glcr_p,C00818
1486,glcur_p,C00191
1487,glcur1p_p,C05385
1488,gln__L_p,C00064
1489,glu__L_p,C00025
1490,gly_p,C00037
1491,glyald_p,C00577
1492,glyb_p,C00719
1493,glyc_p,C00116
1494,glyc__R_p,C00258
1495,glyc2p_p,C02979
1496,glyc3p_p,C00093
1497,glyc3p_p,C00344
1498,glyclt_p,C00160
1499,gmp_p,C00144
1500,gsn_p,C00387
1501,gthox_p,C00127
1502,gthrd_p,C00051
1503,gtp_p,C00044
1504,gua_p,C00242
1505,h_p,C00080
1506,h2_p,C00282
1507,h2o_p,C00001
1508,h2o_p,C01328
1509,h2o_p,C18712
1510,h2o_p,C18714
1511,h2o2_p,C00027
1512,h2o2_p,C17732
1513,h2o2_p,C18566
1514,h2s_p,C00283
1515,h2s_p,C00297
1516,h2s_p,C20391
1517,hdca_p,C00249
1518,hdcea_p,C08362
1519,hg2_p,C00703
1520,hg2_p,C13377
1521,hg2_p,C18670
1522,his__L_p,C00135
1523,hom__L_p,C00263
1524,hxa_p,C01585
1525,hxan_p,C00262
1526,idon__L_p,C00770
1527,ile__L_p,C00407
1528,imp_p,C00130
1529,indole_p,C00463
1530,inost_p,C00137
1531,inost_p,C06151
1532,ins_p,C00294
1533,isetac_p,C05123
1534,k_p,C00238
1535,k_p,C08219
1536,k_p,C12568
1537,kdo2lipid4_p,C06025
1538,lac__D_p,C00256
1539,lac__L_p,C00186
1540,lcts_p,C00243
1541,leu__L_p,C00123
1542,lipa_p,C06026
1543,lipoate_p,C00725
1544,lipoate_p,C16241
1545,lpp_p,C01834
1546,lys__L_p,C00047
1547,lyx__L_p,C01508
1548,mal__D_p,C00497
1549,mal__L_p,C00149
1550,malt_p,C00208
1551,malthx_p,C01936
1552,malttr_p,C01835
1553,malttr_p,C06219
1554,maltttr_p,C02052
1555,man_p,C00159
1556,man6p_p,C00275
1557,manglyc_p,C11544
1558,melib_p,C05402
1559,meoh_p,C00132
1560,met__D_p,C00855
1561,met__L_p,C00073
1562,metsox_R__L_p,C15998
1563,metsox_S__L_p,C02989
1564,mg2_p,C00305
1565,mg2_p,C07755
1566,mg2_p,C07876
1567,mg2_p,C12567
1568,minohp_p,C01204
1569,mmet_p,C03172
1570,mmet_p,C04078
1571,mn2_p,C00034
1572,mnl_p,C00392
1573,mobd_p,C06232
1574,mso3_p,C11145
1575,n2o_p,C00887
1576,na1_p,C01330
1577,na1_p,C08142
1578,na1_p,C14042
1579,nac_p,C00253
1580,nh4_p,C00014
1581,nh4_p,C01342
1582,nh4_p,C01358
1583,ni2_p,C00291
1584,nmn_p,C00455
1585,no_p,C00533
1586,no2_p,C00088
1587,no3_p,C00244
1588,o2_p,C00007
1589,o2s_p,C00704
1590,ocdca_p,C01530
1591,ocdcea_p,C00638
1592,ocdcea_p,C00712
1593,ocdcea_p,C01712
1594,octa_p,C06423
1595,orn_p,C01602
1596,orot_p,C00295
1597,pa120_p,C00416
1598,pa140_p,C00416
1599,pa141_p,C00416
1600,pa160_p,C00416
1601,pa161_p,C00416
1602,pa180_p,C00416
1603,pa181_p,C00416
1604,pacald_p,C00601
1605,pe120_p,C00350
1606,pe140_p,C00350
1607,pe141_p,C00350
1608,pe160_p,C00350
1609,pe161_p,C00350
1610,pe180_p,C00350
1611,pe181_p,C00350
1612,peamn_p,C05332
1613,pg120_p,C00344
1614,pg140_p,C00344
1615,pg141_p,C00344
1616,pg160_p,C00344
1617,pg161_p,C00344
1618,pg180_p,C00344
1619,pg181_p,C00344
1620,pgp120_p,C03892
1621,pgp140_p,C03892
1622,pgp141_p,C03892
1623,pgp160_p,C03892
1624,pgp161_p,C03892
1625,pgp180_p,C03892
1626,pgp181_p,C03892
1627,phe__L_p,C00079
1628,pheme_p,C00032
1629,pi_p,C00009
1630,pi_p,C13556
1631,pi_p,C13558
1632,pnto__R_p,C00864
1633,ppa_p,C00163
1634,ppal_p,C00479
1635,pppn_p,C05629
1636,ppt_p,C06701
1637,pro__L_p,C00148
1638,pser__L_p,C01005
1639,ptrc_p,C00134
1640,pydam_p,C00534
1641,pydx_p,C00250
1642,pydxn_p,C00314
1643,pyr_p,C00022
1644,r5p_p,C00117
1645,r5p_p,C03736
1646,rib__D_p,C00121
1647,rmn_p,C00507
1648,sbt__D_p,C00794
1649,sel_p,C05697
1650,ser__D_p,C00740
1651,ser__L_p,C00065
1652,skm_p,C00493
1653,so2_p,C09306
1654,so3_p,C00094
1655,so3_p,C11481
1656,so3_p,C20393
1657,so4_p,C00059
1658,so4_p,C13192
1659,so4_p,C13194
1660,so4_p,C13199
1661,so4_p,C17383
1662,so4_p,C18713
1663,so4_p,C20392
1664,spmd_p,C00315
1665,succ_p,C00042
1666,sucr_p,C00089
1667,sucr_p,C11477
1668,sulfac_p,C14179
1669,tartr__L_p,C00898
1670,taur_p,C00245
1671,tcynt_p,C01755
1672,thm_p,C00378
1673,thr__L_p,C00188
1674,thrp_p,C12147
1675,thym_p,C00178
1676,thymd_p,C00214
1677,tma_p,C00565
1678,tmao_p,C01104
1679,tre_p,C01083
1680,trp__L_p,C00078
1681,tsul_p,C00320
1682,tsul_p,C05529
1683,ttdca_p,C06424
1684,tym_p,C00483
1685,tyr__L_p,C00082
1686,tyrp_p,C06501
1687,uacgam_p,C00043
1688,udcpdp_p,C03543
1689,udcpdp_p,C04574
1690,udcpp_p,C00348
1691,udpacgal_p,C00203
1692,udpg_p,C00029
1693,udpgal_p,C00052
1694,udpglcur_p,C00167
1695,ump_p,C00105
1696,ura_p,C00106
1697,urea_p,C00086
1698,uri_p,C00299
1699,uri_p,C16745
1700,val__L_p,C00183
1701,xan_p,C00385
1702,xmp_p,C00655
1703,xtsn_p,C01762
1704,xyl__D_p,C00181
1705,xylu__L_p,C00312
1706,zn2_p,C00038
1707,zn2_p,C12570
