,bigg.reaction,EC_number
351,23pde2pp,3.1.4.16
352,23pde4pp,3.1.4.16
353,23pde7pp,3.1.4.16
354,23pde9pp,3.1.4.16
370,2agpeat120,2.3.1.40
371,2agpeat140,2.3.1.40
372,2agpeat141,2.3.1.40
373,2agpeat160,2.3.1.40
374,2agpeat161,2.3.1.40
375,2agpeat180,2.3.1.40
376,2agpeat181,2.3.1.40
384,2agpgat120,2.3.1.40
385,2agpgat140,2.3.1.40
386,2agpgat141,2.3.1.40
387,2agpgat160,2.3.1.40
388,2agpgat161,2.3.1.40
389,2agpgat180,2.3.1.40
390,2agpgat181,2.3.1.40
392,2dgulrgy,1.1.1.215
401,3had100,4.2.1.60
402,3had120,4.2.1.61
403,3had121,4.2.1.61
404,3had140,4.2.1.61
405,3had141,4.2.1.61
406,3had160,4.2.1.61
407,3had161,4.2.1.61
408,3had180,4.2.1.61
409,3had181,4.2.1.61
410,3had40,4.2.1.58
411,3had60,4.2.1.58
412,3had80,4.2.1.58
422,3oar100,1.1.1.100
423,3oar120,1.1.1.100
424,3oar121,1.1.1.100
425,3oar140,1.1.1.100
426,3oar141,1.1.1.100
427,3oar160,1.1.1.100
428,3oar161,1.1.1.100
429,3oar180,1.1.1.100
430,3oar181,1.1.1.100
431,3oar40,1.1.1.100
432,3oar60,1.1.1.100
433,3oar80,1.1.1.100
434,3oas100,2.3.1.41
435,3oas120,2.3.1.41
436,3oas121,2.3.1.41
437,3oas140,2.3.1.41
438,3oas141,2.3.1.41
439,3oas160,2.3.1.41
440,3oas161,2.3.1.41
441,3oas180,2.3.1.41
442,3oas181,2.3.1.41
443,3oas60,2.3.1.41
444,3oas80,2.3.1.41
449,42a12booxpp,1.4.3.6
456,5dglcnr,1.1.1.69
462,a5piso,5.3.1.13
463,aacps1,6.2.1.20
464,aacps2,6.2.1.20
465,aacps3,6.2.1.20
466,aacps4,6.2.1.20
467,aacps5,6.2.1.20
468,aacps6,6.2.1.20
469,aacps7,6.2.1.20
470,aacps8,6.2.1.20
471,aacps9,6.2.1.20
476,ab6pgh,3.2.1.86
477,abta,2.6.1.19
478,abutd,1.2.1.19
482,acact1r,2.3.1.9
483,acact2r,2.3.1.16
484,acact3r,2.3.1.16
485,acact4r,2.3.1.16
486,acact5r,2.3.1.16
487,acact6r,2.3.1.16
488,acact7r,2.3.1.16
489,acact8r,2.3.1.16
492,acald,1.2.1.10
495,acanthat,2.3.1.118
497,accoac,6.4.1.2
498,accoal,6.2.1.13
499,acgal1pppp,3.1.3.10
502,acgam1pppp,3.1.3.10
504,acgamk,2.7.1.59
508,acgk,2.7.2.8
509,acgs,2.3.1.1
511,ackr,2.7.2.1
512,acls,4.1.3.18
521,acnml,4.1.3.3
522,acoad1f,1.3.99.2
523,acoad2f,1.3.99.3
524,acoad3f,1.3.99.3
525,acoad4f,1.3.99.3
526,acoad5f,1.3.99.3
527,acoad6f,1.3.99.3
528,acoad7f,1.3.99.3
529,acoad8f,1.3.99.3
530,acoata,2.3.1.38
531,acoda,3.5.1.16
533,aconis,5.3.3.7
535,aconta,4.2.1.3
536,acontb,4.2.1.3
537,acota,2.6.1.11
545,acps1,2.7.8.7
546,acs,6.2.1.1
552,ada,3.5.4.4
555,add,3.5.4.2
558,adk1,2.7.4.3
561,admdc,4.1.1.50
562,adncyc,4.6.1.1
563,adnk1,2.7.1.20
564,adnuc,3.2.2.8
572,adprdp,3.6.1.13
573,adpt,2.4.2.7
574,adsk,2.7.1.25
575,adsl1r,4.3.2.2
576,adsl2r,4.3.2.2
577,adss,6.3.4.4
578,agdc,3.5.1.25
590,agmhe,5.1.3.20
591,agmt,3.5.3.11
594,agpat120,2.3.1.51
595,agpat140,2.3.1.51
596,agpat141,2.3.1.51
597,agpat160,2.3.1.51
598,agpat161,2.3.1.51
599,agpat180,2.3.1.51
600,agpat181,2.3.1.51
601,agpr,1.2.1.38
603,ahcysns,3.2.2.9
604,aicart,2.1.2.3
610,alaalad,3.4.17.14
612,alaalar,6.3.2.4
615,alar,5.1.1.1
617,alata_l,2.6.1.2
619,alatrs,6.1.1.7
625,alcd19,1.1.1.1
626,alcd2x,1.1.1.1
627,aldd19xr,1.2.1.39
628,aldd2x,1.2.1.3
629,aldd2y,1.2.1.4
634,alltamh,3.5.3.9
635,alltn,3.5.2.5
645,altrh,4.2.1.7
649,amalt1,2.4.1.25
650,amalt2,2.4.1.25
651,amalt3,2.4.1.25
652,amalt4,2.4.1.25
654,amank,2.7.1.60
655,amaotr,2.6.1.62
658,ampn,3.2.2.4
659,amptasecg,3.4.11.2
660,amptasepg,3.4.11.2
664,anprt,2.4.2.18
665,ans,4.1.3.27
667,aoxsr2,2.3.1.47
668,ap4ah,3.6.1.41
671,apcs,2.5.1.16
679,aph120,3.6.1.7
680,aph140,3.6.1.7
681,aph141,3.6.1.7
682,aph160,3.6.1.7
683,aph161,3.6.1.7
684,aph180,3.6.1.7
685,aph181,3.6.1.7
686,appldhr,1.1.1.75
687,apraur,1.1.1.193
688,arai,5.3.1.4
704,argdc,4.1.1.19
705,argdcpp,4.1.1.19
707,argsl,4.3.2.1
708,argss,6.3.4.5
709,argtrs,6.1.1.19
713,asad,1.2.1.11
717,asnn,3.5.1.1
718,asnnpp,3.5.1.1
719,asns1,6.3.5.4
720,asns2,6.3.1.1
721,asntrs,6.1.1.22
727,asp1dc,4.1.1.11
728,aspct,2.1.3.2
729,aspk,2.7.2.4
734,aspt,4.3.1.1
735,aspta,2.6.1.1
736,asptrs,6.1.1.12
744,ast,2.3.1.109
748,atpprt,2.4.2.17
749,atps4rpp,3.6.3.14
752,betaldhx,1.2.1.8
753,betaldhy,1.2.1.8
757,bpnt,3.1.3.7
762,bts5,2.8.1.6
763,butct,2.8.3.8
774,cat,1.11.1.6
776,cbiat,2.5.1.17
781,cblat,2.5.1.17
783,cbmkr,2.7.2.2
784,cbps,6.3.5.5
790,cdappa120,3.6.1.26
791,cdappa140,3.6.1.26
792,cdappa141,3.6.1.26
793,cdappa160,3.6.1.26
794,cdappa161,3.6.1.26
795,cdappa180,3.6.1.26
796,cdappa181,3.6.1.26
800,cfas160e,2.1.1.79
801,cfas160g,2.1.1.79
802,cfas180e,2.1.1.79
803,cfas180g,2.1.1.79
809,chold,1.1.99.1
810,chorm,5.4.99.5
811,chors,4.2.3.5
816,citl,4.1.3.6
837,cmpn,3.2.2.10
861,cpppgo,1.3.3.3
878,csnd,3.5.4.1
884,ctecoai6,5.3.3.8
885,ctecoai7,5.3.3.8
886,ctecoai8,5.3.3.8
887,ctps2,6.3.4.2
895,cyanst,2.8.1.1
896,cyanstpp,2.8.1.1
901,cysdds,4.4.1.15
902,cysds,4.1.99.1
906,cyssads,4.1.1.12
907,cystl,4.4.1.8
908,cystrs,6.1.1.16
916,cytd,3.5.4.5
917,cytdh,3.2.2.8
922,cytk1,2.7.4.14
923,cytk2,2.7.4.14
926,daad,1.4.99.1
928,dadk,2.7.4.11
931,dagk120,2.7.1.107
932,dagk140,2.7.1.107
933,dagk141,2.7.1.107
934,dagk160,2.7.1.107
935,dagk161,2.7.1.107
936,dagk180,2.7.1.107
937,dagk181,2.7.1.107
941,dapal,4.3.1.15
942,dapdc,4.1.1.20
943,dape,5.1.1.7
946,dasyn120,2.7.7.41
947,dasyn140,2.7.7.41
948,dasyn141,2.7.7.41
949,dasyn160,2.7.7.41
950,dasyn161,2.7.7.41
951,dasyn180,2.7.7.41
952,dasyn181,2.7.7.41
955,dbts,6.3.3.3
959,dctpd,3.5.4.13
960,dcytd,3.5.4.14
964,ddgalk,2.7.1.58
967,ddglk,2.7.1.45
968,ddpa,4.1.2.15
969,ddpgala,4.1.2.21
970,dgk1,2.7.4.8
975,dhad1,4.2.1.9
980,dhbd,1.3.1.28
981,dhbs,2.7.7.58
985,dhdpry,1.3.1.26
986,dhdps,4.2.1.52
987,dhfr,1.5.1.3
988,dhfs,6.3.2.12
993,dhnpa2r,4.1.2.25
995,dhord2,1.3.3.1
996,dhord5,1.3.3.1
998,dhorts,3.5.2.3
1000,dhppda2,3.5.4.26
1001,dhps2,2.5.1.15
1006,dhqs,4.2.3.4
1007,dhqti,4.2.1.10
1014,dmatt,2.5.1.1
1030,dpcoak,2.7.1.24
1031,dpr,1.1.1.169
1032,drpa,4.1.2.4
1041,dtartd,4.2.1.81
1042,dtmpk,2.7.4.9
1045,duradx,1.3.1.1
1050,dutpdp,3.6.1.23
1055,ear100x,1.3.1.9
1056,ear100y,1.3.1.10
1057,ear120x,1.3.1.9
1058,ear120y,1.3.1.10
1059,ear121x,1.3.1.9
1060,ear121y,1.3.1.10
1061,ear140x,1.3.1.9
1062,ear140y,1.3.1.10
1063,ear141x,1.3.1.9
1064,ear141y,1.3.1.10
1065,ear160x,1.3.1.9
1066,ear160y,1.3.1.10
1067,ear161x,1.3.1.9
1068,ear161y,1.3.1.10
1069,ear180x,1.3.1.9
1070,ear180y,1.3.1.10
1071,ear181x,1.3.1.9
1072,ear181y,1.3.1.10
1073,ear40x,1.3.1.9
1074,ear40y,1.3.1.10
1075,ear60x,1.3.1.9
1076,ear60y,1.3.1.10
1077,ear80x,1.3.1.9
1078,ear80y,1.3.1.10
1085,ecoah1,4.2.1.17
1086,ecoah2,4.2.1.17
1087,ecoah3,4.2.1.17
1088,ecoah4,4.2.1.17
1089,ecoah5,4.2.1.17
1090,ecoah6,4.2.1.17
1091,ecoah7,4.2.1.17
1092,ecoah8,4.2.1.17
1093,eda,4.1.2.14
1094,edd,4.2.1.12
1099,egmeacpr,1.3.1.10
1101,eno,4.2.1.11
1105,epmeacpr,1.3.1.10
1106,ethaal,4.3.1.7
1117,fa100acphi,3.1.2.14
1118,fa120acphi,3.1.2.14
1119,fa140acphi,3.1.2.14
1120,fa141acphi,3.1.2.14
1121,fa160acphi,3.1.2.14
1122,fa161acphi,3.1.2.14
1123,fa80acphi,3.1.2.14
1134,facoal100t2pp,6.2.1.3
1135,facoal120t2pp,6.2.1.3
1136,facoal140t2pp,6.2.1.3
1137,facoal141t2pp,6.2.1.3
1138,facoal160t2pp,6.2.1.3
1139,facoal161t2pp,6.2.1.3
1140,facoal180t2pp,6.2.1.3
1141,facoal181t2pp,6.2.1.3
1142,facoal60t2pp,6.2.1.3
1143,facoal80t2pp,6.2.1.3
1150,fba,4.1.2.13
1151,fba3,4.1.2.13
1152,fbp,3.1.3.11
1153,fci,5.3.1.25
1154,fclk,2.7.1.51
1155,fclpa,4.1.2.17
1156,fclt,4.99.1.1
1157,fdh4pp,1.2.2.1
1158,fdh5pp,1.2.2.1
1209,feropp,1.16.3.1
1213,ffsd,3.2.1.26
1216,flvr,1.5.1.30
1217,flvrx,1.5.1.30
1218,fmettrs,2.1.2.9
1219,fmnat,2.7.7.2
1222,fometri,2.1.2.10
1227,frd2,1.3.99.1
1228,frd3,1.3.99.1
1229,fruk,2.7.1.56
1240,fthfd,3.5.1.10
1241,fthfli,6.3.4.3
1244,fum,4.2.1.2
1250,g1pact,2.3.1.157
1251,g1pppp,3.1.3.10
1252,g1ptt,2.7.7.24
1254,g1sat,5.4.3.8
1257,g3pat120,2.3.1.15
1258,g3pat140,2.3.1.15
1259,g3pat141,2.3.1.15
1260,g3pat160,2.3.1.15
1261,g3pat161,2.3.1.15
1262,g3pat180,2.3.1.15
1263,g3pat181,2.3.1.15
1266,g3pd2,1.1.1.94
1267,g3pd5,1.1.99.5
1268,g3pd6,1.1.99.5
1269,g3pd7,1.1.99.5
1280,g5sd,1.2.1.41
1281,g6pda,3.5.99.6
1282,g6pdh2r,1.1.1.49
1283,g6pp,3.1.3.9
1286,gal1pppp,3.1.3.10
1289,galctd,4.2.1.42
1291,galctnd,4.2.1.6
1298,galkr,2.7.1.6
1299,galm2pp,5.1.3.3
1300,gals3,3.2.1.22
1306,galui,2.7.7.9
1314,gapd,1.2.1.12
1315,garft,2.1.2.2
1318,gcaldd,1.2.1.21
1323,gdptpdp,3.1.7.2
1325,gf6pta,2.6.1.16
1331,ghmt2r,2.1.2.1
1332,gk1,2.7.4.8
1333,glbran2,2.4.1.18
1334,glcatr,2.3.1.79
1338,glcp,2.4.1.1
1339,glcp2,2.4.1.1
1340,glcral,4.1.2.20
1341,glcrd,4.2.1.40
1344,glcs1,2.4.1.21
1357,glgc,2.7.7.27
1358,glns,6.3.1.2
1359,glntrs,6.1.1.18
1363,glu5k,2.7.2.11
1365,glucys,6.3.2.2
1366,gludc,4.1.1.15
1367,gludy,1.4.1.4
1368,glun,3.5.1.2
1369,glunpp,3.5.1.2
1370,gluprt,2.4.2.14
1371,glur,5.1.1.3
1372,glusy,1.4.1.13
1374,glutrs,6.1.1.17
1379,glxcl,4.1.1.47
1382,glyat,2.3.1.29
1393,glycdx,1.1.1.6
1394,glyck,2.7.1.31
1395,glyck2,2.7.1.31
1398,glycltdy,1.1.1.26
1407,glyk,2.7.1.30
1408,glyox,3.1.2.6
1410,glytrs,6.1.1.14
1415,gmand,4.2.1.47
1419,gmpr,1.7.1.7
1420,gmps2,6.3.5.2
1422,gnd,1.1.1.44
1423,gnk,2.7.1.12
1426,gpdda1,3.1.4.46
1427,gpdda1pp,3.1.4.46
1428,gpdda2,3.1.4.46
1429,gpdda2pp,3.1.4.46
1430,gpdda3,3.1.4.46
1431,gpdda3pp,3.1.4.46
1432,gpdda4,3.1.4.46
1433,gpdda4pp,3.1.4.46
1434,gpdda5,3.1.4.46
1435,gpdda5pp,3.1.4.46
1436,grtt,2.5.1.10
1437,grxr,1.8.4.2
1441,gspmda,3.5.1.78
1442,gspmds,6.3.1.8
1444,gthor,1.8.1.7
1445,gthpi,1.11.1.9
1450,gths,6.3.2.3
1451,gtpci,3.5.4.16
1453,gtpdpdp,3.6.1.40
1454,gtpdpk,2.7.6.5
1457,guacyc,4.6.1.2
1458,guad,3.5.4.3
1459,guaprt,2.4.2.8
1463,gui1,5.3.1.12
1464,gui2,5.3.1.12
1474,hacd1,1.1.1.35
1475,hacd2,1.1.1.35
1476,hacd3,1.1.1.35
1477,hacd4,1.1.1.35
1478,hacd5,1.1.1.35
1479,hacd6,1.1.1.35
1480,hacd7,1.1.1.35
1481,hacd8,1.1.1.35
1486,hco3e,4.2.1.1
1487,hcysmt,2.1.1.10
1498,hetzk,2.7.1.50
1499,hex1,2.7.1.1
1500,hex4,2.7.1.7
1501,hex7,2.7.1.1
1506,histd,1.1.1.23
1507,histp,3.1.3.15
1508,histrs,6.1.1.21
1514,hmbs,4.3.1.8
1515,hmpk1,2.7.1.49
1519,hppk2,2.7.6.3
1520,hpppndo,1.13.11.16
1523,hpyri,5.3.1.22
1526,hsdy,1.1.1.3
1527,hsk,2.7.1.39
1528,hsst,2.3.1.46
1529,hstpt,2.6.1.9
1532,hxct,2.8.3.8
1533,hxprt,2.4.2.8
1534,hyd1pp,1.18.99.1
1535,hyd2pp,1.18.99.1
1536,hyd3pp,1.18.99.1
1547,icdhyr,1.1.1.42
1548,ichors_copy1,5.4.99.6
1550,ichort,3.3.2.1
1551,icl,4.1.3.1
1558,igpdh,4.2.1.19
1559,igps,4.1.1.48
1560,ileta,2.6.1.42
1561,iletrs,6.1.1.5
1565,impc,3.5.4.10
1566,impd,1.1.1.205
1572,insh,3.2.2.8
1573,insk,2.7.1.73
1578,ipddi,5.3.3.2
1580,ipmd,1.1.1.85
1581,ippmia,4.2.1.33
1582,ippmib,4.2.1.33
1583,ipps,4.1.3.12
1588,kara1,1.1.1.86
1589,kara2,1.1.1.86
1590,kas14,2.3.1.41
1592,kdoct2,2.7.7.38
1593,kdopp,3.1.3.45
1594,kdops,4.1.2.16
1600,l_lacd2,1.1.2.3
1601,l_lacd3,1.1.2.3
1605,lacz,3.2.1.23
1606,laczpp,3.2.1.108
1612,laldo2x,1.1.1.21
1613,laldo3,1.1.1.21
1615,lcadi,1.2.1.21
1616,lcarr,1.1.1.77
1617,lcars,1.1.1.77
1621,ldh_d,1.1.1.28
1622,ldh_d2,1.1.2.4
1623,leutai,2.6.1.42
1624,leutrs,6.1.1.4
1628,lgthl,4.4.1.5
1640,lpadss,2.4.1.182
1641,lplipal1a120pp,3.1.1.5
1642,lplipal1a140pp,3.1.1.5
1643,lplipal1a141pp,3.1.1.5
1644,lplipal1a160pp,3.1.1.5
1645,lplipal1a161pp,3.1.1.5
1646,lplipal1a180pp,3.1.1.5
1647,lplipal1a181pp,3.1.1.5
1648,lplipal1e120pp,3.1.1.5
1649,lplipal1e140pp,3.1.1.5
1650,lplipal1e141pp,3.1.1.5
1651,lplipal1e160pp,3.1.1.5
1652,lplipal1e161pp,3.1.1.5
1653,lplipal1e180pp,3.1.1.5
1654,lplipal1e181pp,3.1.1.5
1655,lplipal1g120pp,3.1.1.5
1656,lplipal1g140pp,3.1.1.5
1657,lplipal1g141pp,3.1.1.5
1658,lplipal1g160pp,3.1.1.5
1659,lplipal1g161pp,3.1.1.5
1660,lplipal1g180pp,3.1.1.5
1661,lplipal1g181pp,3.1.1.5
1662,lplipal2a120,3.1.1.5
1663,lplipal2a140,3.1.1.5
1664,lplipal2a141,3.1.1.5
1665,lplipal2a160,3.1.1.5
1666,lplipal2a161,3.1.1.5
1667,lplipal2a180,3.1.1.5
1668,lplipal2a181,3.1.1.5
1683,lplipal2e120,3.1.1.5
1684,lplipal2e140,3.1.1.5
1685,lplipal2e141,3.1.1.5
1686,lplipal2e160,3.1.1.5
1687,lplipal2e161,3.1.1.5
1688,lplipal2e180,3.1.1.5
1689,lplipal2e181,3.1.1.5
1690,lplipal2g120,3.1.1.5
1691,lplipal2g140,3.1.1.5
1692,lplipal2g141,3.1.1.5
1693,lplipal2g160,3.1.1.5
1694,lplipal2g161,3.1.1.5
1695,lplipal2g180,3.1.1.5
1696,lplipal2g181,3.1.1.5
1698,lysdc,4.1.1.18
1699,lystrs,6.1.1.6
1707,m1pd,1.1.1.17
1710,malddh,1.1.1.83
1713,mals,4.1.3.2
1714,maltatr,2.3.1.79
1730,man1pt2,2.7.7.22
1731,man6pi,5.3.1.8
1734,manao,1.1.1.57
1740,mcitd,4.2.1.79
1741,mcitl2,4.1.3.30
1742,mcits,4.1.3.31
1743,mcoata,2.3.1.39
1744,mcpst,2.8.1.2
1748,mddcp1pp,3.4.16.4
1749,mddcp2pp,3.4.16.4
1750,mddcp3pp,3.4.16.4
1751,mddcp4pp,3.4.16.4
1752,mddcp5pp,3.4.16.4
1757,mdh,1.1.1.37
1758,mdh2,1.1.99.16
1759,mdh3,1.1.99.16
1760,me1,1.1.1.38
1761,me2,1.1.1.40
1770,metat,2.5.1.6
1775,mets,2.1.1.13
1780,metsoxr1,1.8.4.5
1782,mettrs,6.1.1.10
1789,mgsa,4.2.3.3
1790,mi1pp,3.1.3.25
1791,micitdr,4.2.1.99
1795,mldcp1app,3.4.17.13
1796,mldcp1bpp,3.4.17.13
1797,mldcp2app,3.4.17.13
1798,mldcp2bpp,3.4.17.13
1799,mldcp3app,3.4.17.13
1814,mmcd,4.1.1.41
1817,mmm,5.4.99.2
1823,mnnh,4.2.1.8
1835,mohmt,2.1.2.11
1836,mox,1.1.3.3
1845,mtan,3.2.2.16
1846,mthfc,3.5.4.9
1847,mthfd,1.5.1.5
1848,mthfr2,1.5.1.20
1850,mtrpox,1.5.3.2
1856,naddp,3.6.1.22
1857,nadh10,1.6.5.3
1858,nadh16pp,1.6.5.3
1859,nadh17pp,1.6.5.3
1860,nadh18pp,1.6.5.3
1861,nadh5,1.6.5.3
1862,nadh9,1.6.5.3
1863,nadk,2.7.1.23
1864,nadn,3.2.2.5
1865,nadphqr2,1.6.99.6
1866,nadphqr3,1.6.99.6
1867,nadphqr4,1.6.99.6
1869,nads1,6.3.1.5
1871,namnpp,2.4.2.11
1876,ndpk1,2.7.4.6
1877,ndpk2,2.7.4.6
1878,ndpk3,2.7.4.6
1879,ndpk4,2.7.4.6
1880,ndpk5,2.7.4.6
1881,ndpk6,2.7.4.6
1882,ndpk7,2.7.4.6
1883,ndpk8,2.7.4.6
1892,nmnat,2.7.7.1
1893,nmnda,3.5.1.42
1894,nmnn,3.2.2.14
1896,nmnt7pp,3.2.2.14
1898,nnam,3.5.1.19
1899,nnatr,2.7.7.18
1901,nndpr,2.4.2.19
1904,no3r1bpp,1.7.99.4
1905,no3r1pp,1.7.99.4
1906,no3r2bpp,1.7.99.4
1910,nodox,1.14.12.17
1911,nodoy,1.14.12.17
1916,ntd1,3.1.3.5
1917,ntd10,3.1.3.5
1918,ntd10pp,3.1.3.5
1919,ntd11,3.1.3.5
1920,ntd11pp,3.1.3.5
1921,ntd12,3.1.3.5
1922,ntd12pp,3.1.3.5
1923,ntd1pp,3.1.3.5
1924,ntd2,3.1.3.5
1925,ntd2pp,3.1.3.5
1926,ntd3,3.1.3.5
1927,ntd3pp,3.1.3.5
1928,ntd4,3.1.3.5
1929,ntd4pp,3.1.3.5
1930,ntd5,3.1.3.5
1931,ntd5pp,3.1.3.5
1932,ntd6,3.1.3.5
1933,ntd6pp,3.1.3.5
1934,ntd7,3.1.3.5
1935,ntd7pp,3.1.3.5
1936,ntd8,3.1.3.5
1937,ntd8pp,3.1.3.5
1938,ntd9,3.1.3.5
1939,ntd9pp,3.1.3.5
1940,ntp1,3.6.1.15
1941,ntp10,3.6.1.15
1942,ntp11,3.6.1.15
1943,ntp12,3.6.1.15
1944,ntp3,3.6.1.15
1945,ntp3pp,3.6.1.15
1946,ntp5,3.6.1.15
1948,ntpp10,3.6.1.19
1949,ntpp11,3.6.1.19
1957,ntpp9,3.6.1.19
1958,ntptp1,3.1.5.1
1959,ntptp2,3.1.5.1
1976,oaadc,4.1.1.3
1978,ocbt,2.1.3.3
1984,ogmeacpd,4.2.1.59
1985,ogmeacpr,1.1.1.100
1987,ohpbat,2.6.1.52
1993,ompdc,4.1.1.23
1996,op4enh,4.2.1.80
2000,opmeacpd,4.2.1.59
2001,opmeacpr,1.1.1.100
2002,opmeacps,2.3.1.41
2003,orndc,4.1.1.17
2008,orpt,2.4.2.10
2009,oxamtc,2.1.3.5
2010,oxcdc,4.1.1.8
2013,p5cd,1.5.1.12
2014,p5cr,1.5.1.2
2025,paccoal,6.2.1.30
2026,pants,6.3.2.1
2027,papa120,3.1.3.4
2028,papa120pp,3.1.3.4
2029,papa140,3.1.3.4
2030,papa140pp,3.1.3.4
2031,papa141,3.1.3.4
2032,papa141pp,3.1.3.4
2033,papa160,3.1.3.4
2034,papa160pp,3.1.3.4
2035,papa161,3.1.3.4
2036,papa161pp,3.1.3.4
2037,papa180,3.1.3.4
2038,papa180pp,3.1.3.4
2039,papa181,3.1.3.4
2040,papa181pp,3.1.3.4
2041,pappt3,2.7.8.13
2042,papsr,1.8.4.8
2043,papsr2,1.8.4.8
2044,pde1,3.1.4.17
2045,pde4,3.1.4.17
2048,pdx5poi,1.4.3.5
2058,peamnopp,1.4.3.6
2063,pfk,2.7.1.11
2064,pfk_2,2.7.1.11
2065,pfk_3,2.7.1.11
2074,pgamt,5.4.2.10
2075,pgcd,1.1.1.95
2076,pgi,5.3.1.9
2077,pgk,2.7.2.3
2078,pgl,3.1.1.31
2079,pglycp,3.1.3.18
2080,pgm,5.4.2.1
2081,pgmt,5.4.2.2
2089,pgpp120,3.1.3.27
2090,pgpp120pp,3.1.3.27
2091,pgpp140,3.1.3.27
2092,pgpp140pp,3.1.3.27
2093,pgpp141,3.1.3.27
2094,pgpp141pp,3.1.3.27
2095,pgpp160,3.1.3.27
2096,pgpp160pp,3.1.3.27
2097,pgpp161,3.1.3.27
2098,pgpp161pp,3.1.3.27
2099,pgpp180,3.1.3.27
2100,pgpp180pp,3.1.3.27
2101,pgpp181,3.1.3.27
2102,pgpp181pp,3.1.3.27
2103,pgsa120,2.7.8.5
2104,pgsa140,2.7.8.5
2105,pgsa141,2.7.8.5
2106,pgsa160,2.7.8.5
2107,pgsa161,2.7.8.5
2108,pgsa180,2.7.8.5
2109,pgsa181,2.7.8.5
2112,pheta1,2.6.1.58
2113,phetrs,6.1.1.20
2120,plipa1a120pp,3.1.1.32
2121,plipa1a140pp,3.1.1.32
2122,plipa1a141pp,3.1.1.32
2123,plipa1a160pp,3.1.1.32
2124,plipa1a161pp,3.1.1.32
2125,plipa1a180pp,3.1.1.32
2126,plipa1a181pp,3.1.1.32
2127,plipa1e120pp,3.1.1.32
2128,plipa1e140pp,3.1.1.32
2129,plipa1e141pp,3.1.1.32
2130,plipa1e160pp,3.1.1.32
2131,plipa1e161pp,3.1.1.32
2132,plipa1e180pp,3.1.1.32
2133,plipa1e181pp,3.1.1.32
2134,plipa1g120pp,3.1.1.32
2135,plipa1g140pp,3.1.1.32
2136,plipa1g141pp,3.1.1.32
2137,plipa1g160pp,3.1.1.32
2138,plipa1g161pp,3.1.1.32
2139,plipa1g180pp,3.1.1.32
2140,plipa1g181pp,3.1.1.32
2141,plipa2a120pp,3.1.1.4
2142,plipa2a140pp,3.1.1.4
2143,plipa2a141pp,3.1.1.4
2144,plipa2a160pp,3.1.1.4
2145,plipa2a161pp,3.1.1.4
2146,plipa2a180pp,3.1.1.4
2147,plipa2a181pp,3.1.1.4
2148,plipa2e120pp,3.1.1.4
2149,plipa2e140pp,3.1.1.4
2150,plipa2e141pp,3.1.1.4
2151,plipa2e160pp,3.1.1.4
2152,plipa2e161pp,3.1.1.4
2153,plipa2e180pp,3.1.1.4
2154,plipa2e181pp,3.1.1.4
2155,plipa2g120pp,3.1.1.4
2156,plipa2g140pp,3.1.1.4
2157,plipa2g141pp,3.1.1.4
2158,plipa2g160pp,3.1.1.4
2159,plipa2g161pp,3.1.1.4
2160,plipa2g180pp,3.1.1.4
2161,plipa2g181pp,3.1.1.4
2162,pmanm,5.4.2.8
2165,pmpk,2.7.4.7
2166,pntk,2.7.1.33
2170,por5,1.2.7.1
2171,pox,1.2.2.2
2172,ppa,3.6.1.1
2173,ppa2,3.6.1.1
2174,ppakr,2.7.2.1
2179,ppbngs,4.2.1.24
2180,ppc,4.1.1.31
2181,ppcdc,4.1.1.36
2182,ppck,4.1.1.49
2184,ppgppdp,3.1.7.2
2185,ppk2r,2.7.4.1
2186,ppkr,2.7.4.1
2187,ppm,5.4.2.7
2188,ppm2,5.4.2.7
2189,ppncl2,6.3.2.5
2190,ppnd,1.3.1.12
2191,ppndh,4.2.1.51
2192,pppgo,1.3.3.4
2193,pppgo3,1.3.3.4
2197,pps,2.7.9.2
2200,pragsr,6.3.4.13
2201,prais,6.3.3.1
2202,praii,5.3.1.24
2203,prampc,3.5.4.19
2204,prascsi,6.3.2.6
2205,pratpp,3.6.1.31
2206,prfgs,6.3.5.3
2207,prmici,5.3.1.16
2208,prod2,1.5.99.8
2211,protrs,6.1.1.15
2216,prpps,2.7.6.1
2219,pscvt,2.5.1.19
2220,psd120,4.1.1.65
2221,psd140,4.1.1.65
2222,psd141,4.1.1.65
2223,psd160,4.1.1.65
2224,psd161,4.1.1.65
2225,psd180,4.1.1.65
2226,psd181,4.1.1.65
2227,psert,2.6.1.52
2229,psp_l,3.1.3.3
2231,pssa120,2.7.8.8
2232,pssa140,2.7.8.8
2233,pssa141,2.7.8.8
2234,pssa160,2.7.8.8
2235,pssa161,2.7.8.8
2236,pssa180,2.7.8.8
2237,pssa181,2.7.8.8
2239,ptar,2.3.1.8
2241,ptpati,2.7.7.3
2243,ptrcta,2.6.1.29
2247,punp1,2.4.2.1
2248,punp2,2.4.2.1
2249,punp3,2.4.2.1
2250,punp4,2.4.2.1
2251,punp5,2.4.2.1
2252,punp6,2.4.2.1
2253,punp7,2.4.2.1
2254,pyam5po,1.4.3.5
2255,pydamk,2.7.1.35
2258,pydxk,2.7.1.35
2259,pydxnk,2.7.1.35
2265,pyk,2.7.1.40
2266,pynp2r,2.4.2.2
2281,rbfk,2.7.1.26
2282,rbfsa,2.5.1.9
2283,rbfsb,2.5.1.9
2284,rbk,2.7.1.15
2285,rbk_l1,2.7.1.16
2286,rbp4e,5.1.3.4
2294,rmi,5.3.1.14
2295,rmk,2.7.1.5
2298,rmpa,4.1.2.19
2299,rndr1,1.17.4.1
2301,rndr2,1.17.4.1
2303,rndr3,1.17.4.1
2305,rndr4,1.17.4.1
2311,rpe,5.1.3.1
2312,rpi,5.3.1.6
2321,sadh,2.6.1.69
2323,sarcox,1.5.3.1
2324,sbtpd,1.1.1.140
2328,sdpds,3.5.1.18
2329,sdpta,2.6.1.17
2330,selcyss,2.9.1.1
2334,selnps,2.7.9.3
2340,serat,2.3.1.30
2342,serd_l,4.3.1.17
2343,sertrs,6.1.1.11
2344,sertrs2,6.1.1.11
2348,sfgthi,3.1.2.12
2354,shk3dr,1.1.1.25
2355,shkk,2.7.1.71
2356,shsl1,4.2.99.9
2367,spmdat1,2.3.1.57
2368,spmdat2,2.3.1.57
2372,spms,2.5.1.16
2373,spodm,1.15.1.1
2374,spodmpp,1.15.1.1
2375,ssalx,1.2.1.24
2376,ssaly,1.2.1.16
2378,sucbzl,6.2.1.26
2384,sucdi,1.3.99.1
2387,sucoas,6.2.1.5
2393,sulri,1.8.2.2
2396,tagurr,1.1.1.58
2397,tala,2.2.1.2
2398,tartd,4.2.1.32
2403,taudo,1.14.11.17
2407,tdp,3.6.1.15
2409,tdpagta,2.6.1.33
2410,tdpdre,5.1.3.13
2411,tdpdrr,1.1.1.133
2412,tdpgdh,4.2.1.46
2413,tdsk,2.7.1.130
2416,tgbpa,4.1.2.40
2417,thd2pp,1.6.1.1
2418,thdps,2.3.1.117
2419,thfat,2.1.2.10
2426,thra2i,4.1.2.5
2427,thrai,4.1.2.5
2428,thrd,1.1.1.103
2429,thrd_l,4.3.1.19
2431,thrs,4.2.3.1
2432,thrtrs,6.1.1.3
2441,tkt1,2.2.1.1
2442,tkt2,2.2.1.1
2449,tmdk1,2.7.1.21
2450,tmdpp,2.4.2.4
2451,tmds,2.1.1.45
2452,tmk,2.7.1.89
2453,tmpk,2.7.4.16
2454,tmppp,2.5.1.3
2455,tpi,5.3.1.1
2457,trdr,1.8.1.9
2458,tre6ph,3.2.1.93
2459,tre6pp,3.1.3.12
2460,tre6ps,2.4.1.15
2461,treh,3.2.1.28
2462,trehpp,3.2.1.28
2465,trpas2,4.1.99.1
2466,trps1,4.2.1.20
2467,trps2,4.2.1.20
2468,trps3,4.2.1.20
2469,trptrs,6.1.1.2
2472,trsarr,1.1.1.60
2483,tyroxdapp,1.4.3.6
2486,tyrta,2.6.1.5
2487,tyrtrs,6.1.1.1
2492,uaagds,6.3.2.13
2493,uacgalppp,3.6.1.45
2494,uacgamppp,3.6.1.45
2497,uag2e,5.1.3.14
2498,uagaat,2.3.1.129
2499,uagcvt,2.5.1.7
2500,uagdp,2.7.7.23
2502,uamags,6.3.2.9
2503,uamas,6.3.2.8
2504,uapgr,1.1.1.158
2505,udcpdp,3.6.1.27
2507,udcpdppp,3.6.1.27
2510,udpg4e,5.1.3.2
2511,udpgalm,5.4.99.9
2512,udpgalppp,3.6.1.45
2514,udpgd,1.1.1.22
2517,udpgppp,3.6.1.45
2520,uglcurppp,3.6.1.45
2521,uglt,2.7.7.12
2522,uglych,3.5.3.19
2523,ugmdds,6.3.2.15
2530,umpk,2.7.4.14
2534,upp3mt,2.1.1.107
2535,upp3s,4.2.1.75
2536,uppdc1,4.1.1.37
2537,upprt,2.4.2.9
2542,urdglycd,1.1.1.154
2545,uric,1.7.3.3
2546,urih,3.2.2.8
2547,urik2,2.7.1.48
2552,valta,2.6.1.42
2553,valtrs,6.1.1.9
2557,vpamtr,2.6.1.66
2560,xand,1.1.1.204
2565,xppt,2.4.2.22
2566,xtsnh,3.2.2.8
2569,xyli1,5.3.1.5
2570,xyli2,5.3.1.5
2571,xylk,2.7.1.17
2572,xylk2,2.7.1.53
